episode,episode_loss
1,0.0005832298774626069
2,0.0005228813685919574
3,0.000796380448249808
4,0.0004811163725972865
5,0.00016948113541672235
6,0.0001397992783451974
7,0.00016597050207998283
8,0.0007416730870953336
9,0.0004863235434828629
10,0.000586877289260017
11,0.0007340036872414029
12,0.0005491453952027581
13,0.000985392107453201
14,0.0008891159878759128
15,0.0006125208527673893
16,0.0005339859317679103
17,0.0006310164163074834
18,0.0006062686016010712
19,0.0005084672852789813
20,0.0004305905689444256
21,0.0004201541139789495
22,0.0003380555992320989
23,0.0003895399045538239
24,0.0004142325260978569
25,0.0008029312567010667
26,0.000627215613175871
27,0.00043425942405722
28,0.0004079519096973984
29,0.0005997094943138238
30,0.0009546365227646358
31,0.000697997107924912
32,0.0005684627893002932
33,0.0005109396318273086
34,0.0007108515829526051
35,0.0005201715848381845
36,0.000663250314010795
37,0.0006497243218565551
38,0.0007428356264657821
39,0.0007200291181525533
40,0.0006488666971678853
41,0.0006494413214063065
42,0.0007750299178402952
43,0.0007198377550969507
44,0.0006843044962835616
45,0.0009111611938033815
46,0.0008206276914510425
47,0.0008701247300320704
48,0.0006861682186209936
49,0.0009208586522459334
50,0.0007306483268967852
51,0.001063775217704778
52,0.0009280472745197744
53,0.0008398053285505046
54,0.0009731039278290516
55,0.0010870147318836109
56,0.0008558888685434969
57,0.0008206770628079078
58,0.0008165778311353827
59,0.0009445466945065178
60,0.0008960421098255744
61,0.0007004338458211841
62,0.0009883063841178747
63,0.0011177026988459854
64,0.0010940407697085498
65,0.0009870669801741662
66,0.0009894657995328233
67,0.0012511827852225877
68,0.0010199596010409997
69,0.0008176770748428276
70,0.0010413075477348655
71,0.0013667784599145682
72,0.0012891950067973488
73,0.0011568378720853833
74,0.0011459236117107572
75,0.0011648907444425046
76,0.0010015601164057096
77,0.0009107681202410262
78,0.0010538912321198806
79,0.0009544712351819885
80,0.0011963380901660356
81,0.0009956157426506886
82,0.0010147879830107005
83,0.0012233536467575173
84,0.0013489886404140779
85,0.0011110959279153215
86,0.0011997244806797613
87,0.0013809275065247517
88,0.0013013835006628171
89,0.0012570621227727286
90,0.0014091733068602884
91,0.0014281964232352386
92,0.0012695657599593572
93,0.0012927878255833917
94,0.0013050628652323097
95,0.0016068350722355442
96,0.0014096782637468082
97,0.0019297611453646189
98,0.0013630203795314412
99,0.001376402722685487
100,0.001762194599284576
101,0.0016909703500993876
102,0.001362112592485371
103,0.0014795690752050308
104,0.0019402574202219498
105,0.002052882320496128
106,0.0017561503505382303
107,0.0015406145205830283
108,0.001998969776433937
109,0.0013023348622641245
110,0.002240413870216192
111,0.0014981769512930428
112,0.0017056712260079896
113,0.0019125241227494184
114,0.0021443430621672184
115,0.0017212477766969684
116,0.0018785788849945964
117,0.0019905492456653894
118,0.0018915031425191075
119,0.00210585703508326
120,0.001998558091895936
121,0.0019450395303133446
122,0.00201900975200318
123,0.0023567668197626646
124,0.0020307691489246543
125,0.0016172500150527672
126,0.002020719344150238
127,0.0018717568814209367
128,0.0019595981423100014
129,0.0028639083676454094
130,0.0022755746155910727
131,0.0025850197675430942
132,0.0019192173739799136
133,0.002159299257318563
134,0.0028623906657144075
135,0.0019476052827759839
136,0.0021481453652432677
137,0.00272402777334228
138,0.0018488230801137564
139,0.002319757484309819
140,0.0020818898866843756
141,0.0030693138654146065
142,0.0024637708763567924
143,0.0024099302693410584
144,0.0023467123422065807
145,0.002617938476817919
146,0.0022862657672718225
147,0.0014549100511459753
148,0.001719254843862025
149,0.0023492279716366385
150,0.0025660434578654414
151,0.0028511840543600673
152,0.0028273376198725718
153,0.0027190237999006753
154,0.0019674519406555828
155,0.002263320956747824
156,0.0028256546514938466
157,0.0021329869726157214
158,0.0023503017423319675
159,0.0026529164643429724
160,0.0021050963539256907
161,0.0025794435942005957
162,0.003201417029707781
163,0.0028582672324744865
164,0.0019217400475763642
165,0.0023098573633072352
166,0.0026478003121502254
167,0.002096368629685862
168,0.0021143854468218272
169,0.0024708902300705038
170,0.0028664939750414637
171,0.003088125838350231
172,0.0023922320953773573
173,0.0031669955603161174
174,0.0020839209346810265
175,0.003060077938171739
176,0.002645864898993981
177,0.0019406707661036061
178,0.0026856796484069144
179,0.002954093264489775
180,0.0022483387367664984
181,0.0032657109769634045
182,0.002578332501076465
183,0.0017652693554520652
184,0.0031631920299130594
185,0.002641744856234817
186,0.0025971683995550617
187,0.0024499206472047797
188,0.002565418857672725
189,0.0024104042606759033
190,0.0024842541515392932
191,0.002348065802675953
192,0.003445770208066004
193,0.0028217307164653442
194,0.002182551185436
195,0.00276485504143657
196,0.0025902148268032183
197,0.0027308164221938654
198,0.0031518189796423983
199,0.0030429758857251957
200,0.002729423767873197
201,0.0028525659967387567
202,0.002606933478206869
203,0.002385766122657399
204,0.0037427959891612687
205,0.0036852858061643522
206,0.0031178655162442566
207,0.002940090012940807
208,0.0033517432066940867
209,0.0031879960073320757
210,0.0017839714312844629
211,0.002580771016442986
212,0.0027799656259409698
213,0.0031190025042705533
214,0.003112972411419457
215,0.0024087682281138507
216,0.0030001756704656317
217,0.003518329647098047
218,0.002417821787521317
219,0.00242484698861113
220,0.002416334119472941
221,0.0028968017103911804
222,0.0029136388351732405
223,0.0032914533140784544
224,0.003377965252660769
225,0.0026194024421062156
226,0.0028625582604685667
227,0.0034138862926435345
228,0.0024072688689874854
229,0.002193928173963084
230,0.002651917259278153
231,0.002405808582792931
232,0.0034156794988250893
233,0.0033770352195475308
234,0.0032119744637240065
235,0.003299622221097779
236,0.0025583984982129925
237,0.0030884566783372846
238,0.003685564266070576
239,0.002441372939049163
240,0.00342444257567256
241,0.0028547201576339643
242,0.002672310401976574
243,0.0032795136355580614
244,0.003074913611242895
245,0.0026663304482113627
246,0.002494391359620735
247,0.003338646921278384
248,0.002938615178295766
249,0.0026059605649881258
250,0.002526895568330979
251,0.003966399529345504
252,0.0032904570382217774
253,0.0031373401559124303
254,0.003783534113839749
255,0.0034237828369932397
256,0.003128361557462504
257,0.0026780821398937234
258,0.0027254848403298103
259,0.0021509436772912667
260,0.0028880014255668763
261,0.003286693674454
262,0.003452440169995599
263,0.004092076148178118
264,0.0023537165262886056
265,0.0026725093714684055
266,0.0029331663155019107
267,0.0035630152402547307
268,0.0028891991527098793
269,0.0035218292045072533
270,0.0030802901913245606
271,0.0030384484629076536
272,0.0031672304634527775
273,0.0029188637967712972
274,0.0025624968665873722
275,0.0034516768266459824
276,0.0029869797395399977
277,0.0036374258929826615
278,0.0026809685789178023
279,0.0037053344191037237
280,0.0034532014269932423
281,0.004714347358140725
282,0.003241757132826255
283,0.0031238812120540794
284,0.0034839984656418748
285,0.003314960829725134
286,0.00364515394949916
287,0.0036775454695637724
288,0.0036262823198321423
289,0.004861016923862893
290,0.003484171539885066
291,0.0030245652024094606
292,0.002578166728545468
293,0.003055606614719773
294,0.004308512767671519
295,0.0035501681255511127
296,0.0032207488159959516
297,0.0027568379128564313
298,0.0039058316081839926
299,0.002591848210454734
300,0.003482038462867162
301,0.003584715846666349
302,0.003492435627632649
303,0.004020724216792991
304,0.003270848970425995
305,0.003636648137693382
306,0.0031890867802079783
307,0.002582558870984478
308,0.004313409627467904
309,0.004774269661408782
310,0.0030887550296722025
311,0.004354513547912661
312,0.0029922549987936187
313,0.0032597866700685004
314,0.003850648175954582
315,0.004592268758902459
316,0.0040265608824686045
317,0.003071294036450877
318,0.004726969307133307
319,0.003130244986557897
320,0.003956561708787737
321,0.0036327665185949412
322,0.003903147430271871
323,0.004464660890609218
324,0.003597617161941589
325,0.0036860748296021484
326,0.005342593072522764
327,0.0038742930935566416
328,0.003328024566317687
329,0.0033046870548065588
330,0.003582130173671185
331,0.0035134480120697325
332,0.0032870311250527656
333,0.0037874646883528118
334,0.003875015400736297
335,0.0036153637177896657
336,0.004446686071686499
337,0.004630152990723709
338,0.004109116398294212
339,0.004259343827485166
340,0.0032802208159063454
341,0.0033179132884787765
342,0.0029783259694037647
343,0.005011862321846402
344,0.004639076974218903
345,0.004101231044697915
346,0.0034567524825910197
347,0.003079263148561401
348,0.0034600303222846593
349,0.003512301523606145
350,0.0040067700995548095
351,0.004437344911922183
352,0.0037323296869761265
353,0.0034616490872669227
354,0.004524993743596872
355,0.004099356996968189
356,0.0029846323265542555
357,0.003036103786721397
358,0.0038489755888659848
359,0.004214534563722
360,0.004337132747177892
361,0.0028294767912556713
362,0.004515067387569976
363,0.004115332473861239
364,0.004100975504982108
365,0.002741114069875847
366,0.003808203118433806
367,0.005119679162615082
368,0.003502733986741597
369,0.003830769050788755
370,0.0044020492185529924
371,0.0042364080489653766
372,0.003035151862677017
373,0.003355262661306557
374,0.003757577351135542
375,0.003732440233256461
376,0.004520247546361856
377,0.00439800314699015
378,0.003956675381997474
379,0.005145230082220339
380,0.0038468109400820964
381,0.004301822550399857
382,0.004320980310911268
383,0.003756326996413658
384,0.0032711217837271445
385,0.004303345721656649
386,0.004380427952994415
387,0.004166860588907545
388,0.004127805412396796
389,0.003872239857238518
390,0.003995198366441949
391,0.0032365436306304577
392,0.0035447535568863034
393,0.002969652033777767
394,0.00434866896899794
395,0.005471076346847916
396,0.004370474400015415
397,0.003929498533825464
398,0.004103536587319381
399,0.005047346457205195
400,0.0037287694550099016
401,0.004921781394509636
402,0.004189550434862862
403,0.004705084791653678
404,0.0031846044874992148
405,0.004535815657401967
406,0.00437070084791187
407,0.003239878146107205
408,0.003625956455907149
409,0.004261907469227149
410,0.004125429588066976
411,0.0044158450140717575
412,0.0044109653890556065
413,0.003997424297267571
414,0.004216077886378607
415,0.004297866927998488
416,0.004148755613959298
417,0.004197753971398231
418,0.0045782313145103955
419,0.00446891462389243
420,0.004403872288498355
421,0.0046534755817865805
422,0.0028063681653177825
423,0.004649849630137425
424,0.005051160013531372
425,0.0037824687863735203
426,0.0041218190596001
427,0.004586847406735326
428,0.004051294779596252
429,0.003590020001981415
430,0.002818338310120568
431,0.005521529793368823
432,0.0037800195681888405
433,0.003785965705150923
434,0.004302468729234996
435,0.005085670302847459
436,0.004531839476031665
437,0.006283705770098124
438,0.00426453351200695
439,0.003224774254097914
440,0.00415167230999537
441,0.004492085564827051
442,0.0051628804030192516
443,0.0035400618392501084
444,0.0052217940212271755
445,0.004698168603118532
446,0.004393905856150447
447,0.004121065186544521
448,0.004112116857233184
449,0.0031856775364888434
450,0.004448341291179762
451,0.004997699462812364
452,0.005110223983859806
453,0.004140810910492234
454,0.0035329038903924694
455,0.004534422648291746
456,0.00526435236841078
457,0.0035476290085214367
458,0.0047697881302502495
459,0.004151935869664331
460,0.0038448019172175833
461,0.003833183737278598
462,0.005269486017318236
463,0.004326750033272667
464,0.004545458845285115
465,0.005386347002520721
466,0.0037033737010908284
467,0.004113088580544129
468,0.003748488710063236
469,0.004053765556558834
470,0.006034223518601345
471,0.0040140511851022315
472,0.004111461931426588
473,0.004040543015146377
474,0.004393090142998733
475,0.0043351264840956515
476,0.005125086308070754
477,0.005322757192530728
478,0.004436139320161948
479,0.003055525701682431
480,0.003705874743034309
481,0.004399945014267273
482,0.004911276806466511
483,0.004928806352143597
484,0.0030088894962405207
485,0.0038121336285026728
486,0.003955154470329742
487,0.003799046082897962
488,0.003987402182247024
489,0.004929605177508959
490,0.004269186824367064
491,0.004524065173528571
492,0.003707371965338964
493,0.004611979542777777
494,0.004975870991031462
495,0.004872314673862309
496,0.00354638668818913
497,0.0049286264679505535
498,0.004963946121394642
499,0.004946516857354067
500,0.003940771618213076
501,0.004756905855925103
502,0.004598202179453986
503,0.0036574521950641942
504,0.003836670660969084
505,0.002945098989353966
506,0.0030927454235285356
507,0.004689246523152438
508,0.004465243725072858
509,0.00460210706648742
510,0.004727094189590952
511,0.003157736426233203
512,0.0046309152076857915
513,0.005326613616835814
514,0.003381925371834927
515,0.004197558191894103
516,0.0038746417106715002
517,0.004517454112554708
518,0.005048180210227627
519,0.005127791632110038
520,0.0039469544224428115
521,0.003937053831794488
522,0.004634858066902592
523,0.004380829923320562
524,0.005076206106524397
525,0.003870159396250355
526,0.004205127813278638
527,0.004594559657908533
528,0.005015647058912907
529,0.003752103538967536
530,0.0031861883703857615
531,0.004100130062498566
532,0.003958199154502446
533,0.004633629557261768
534,0.004429065017214429
535,0.0032807225750672393
536,0.005086743669207429
537,0.0051126471519218905
538,0.0039612693921847655
539,0.005027846649191195
540,0.0051121290626248254
541,0.003540702427147023
542,0.004321664360066366
543,0.004601123199256743
544,0.003729397852790527
545,0.004244327523684617
546,0.003757086389149273
547,0.005305494548496975
548,0.0050708310550867785
549,0.003991194965136755
550,0.004899845547380022
551,0.005073891725115818
552,0.003454981989408326
553,0.0036392513912500046
554,0.003021781049143996
555,0.005284299271893576
556,0.004344775015072498
557,0.005289816756899993
558,0.004785666275965345
559,0.0038910085861552654
560,0.004390179820701532
561,0.0038827778172119344
562,0.004198725472965706
563,0.0044608906347772094
564,0.004271886433776845
565,0.004549682831797298
566,0.0041264039873134435
567,0.004377994542000889
568,0.004987860745694931
569,0.004639033936583142
570,0.0050395039035633785
571,0.00380591065625176
572,0.005486186278594976
573,0.004845891101193422
574,0.005602482639323358
575,0.0034471004308591273
576,0.005233326218287749
577,0.0033939907426385964
578,0.0054263196708191005
579,0.004671886031809706
580,0.005322400129068502
581,0.00724418463782751
582,0.004134318834177166
583,0.003862356880008953
584,0.004440417284982571
585,0.004823889758549668
586,0.003618346698723534
587,0.005291917012766048
588,0.00498426836127201
589,0.007354701838815503
590,0.004377940826377617
591,0.003034846938900291
592,0.004288094741198057
593,0.003408133699734222
594,0.003592256763589657
595,0.0034125630329418484
596,0.00429759797719141
597,0.005262339907252074
598,0.003678250222629498
599,0.0035416792416071985
600,0.004296029870082358
601,0.004733372026142509
602,0.0034549532886428225
603,0.005048474689136215
604,0.00659773991575339
605,0.0040233124787586606
606,0.003571972458476445
607,0.0061102165114818256
608,0.0037318447297337346
609,0.00339392515369192
610,0.0043722963391845705
611,0.0044460362171068685
612,0.0036518457686364105
613,0.004082128330963546
614,0.0031042552114480975
615,0.003955386077342112
616,0.003535143196045066
617,0.0043080129821430006
618,0.005807249886163932
619,0.0038853734206188368
620,0.004148308428638201
621,0.0050857254913324376
622,0.004528789354524287
623,0.004225218799200818
624,0.0036954739101467625
625,0.0037931602290925746
626,0.003742903260567728
627,0.00400675245408719
628,0.0038337981544799052
629,0.003907472673052412
630,0.00361995522943621
631,0.004110285853722229
632,0.0036595297105599285
633,0.00495973763382709
634,0.00563869094889563
635,0.004562780471811522
636,0.004138064129894326
637,0.003400154924343547
638,0.0040830525918170765
639,0.005436267540697748
640,0.0035999530785678266
641,0.0038999682141048464
642,0.0035138728412603664
643,0.004142825232332735
644,0.004327407085391257
645,0.004389011055103592
646,0.0037576156199585447
647,0.005015999194126509
648,0.0036385726848421323
649,0.0038926672857506053
650,0.004305842181479204
651,0.004550566390250987
652,0.004688964907443964
653,0.004020931416316815
654,0.005018248006914898
655,0.0035772708009943247
656,0.0037395049333258253
657,0.004707057889419726
658,0.0040845093492876796
659,0.0047995174304343805
660,0.00429381203485675
661,0.004329633807563888
662,0.004097564663786057
663,0.003256648448032571
664,0.003486514316930894
665,0.003810534584021846
666,0.005294779580990074
667,0.004397377346726393
668,0.006260574726241877
669,0.004076127606187208
670,0.005936505420005045
671,0.005751720928870666
672,0.0043063745650879495
673,0.004048639535799988
674,0.004048729829336812
675,0.004384520477619916
676,0.0034323488833338375
677,0.006098139177155976
678,0.00398758255993478
679,0.005018818759939648
680,0.003874168443814149
681,0.00457905922805713
682,0.003088332998837965
683,0.004077705218122223
684,0.003951383518777596
685,0.0047630090114017505
686,0.004267568473190453
687,0.004987294909542903
688,0.005399980582527831
689,0.005208270631671425
690,0.005070077395574781
691,0.003600149573310138
692,0.0059416814836454465
693,0.0040381513028969205
694,0.004033998069182474
695,0.005770571095617636
696,0.0038266370133247358
697,0.004964401576245787
698,0.004445253874499551
699,0.004297333140765125
700,0.002961647319482706
701,0.0037468563801551697
702,0.0037740096895648757
703,0.0029580401889457817
704,0.003972346626387517
705,0.005196295790295745
706,0.005274656865656161
707,0.004144396393496122
708,0.004901616528629333
709,0.005061211959516172
710,0.004333231349023879
711,0.006010560541148556
712,0.003970510170066042
713,0.005206827631073317
714,0.004844728432155014
715,0.0038635848056098134
716,0.004161386581212615
717,0.003901150528459795
718,0.005491440142721995
719,0.005266187580947723
720,0.004073451055903986
721,0.004953488154338658
722,0.003622947340715207
723,0.003981716239072811
724,0.0034117197808680227
725,0.004436945004849732
726,0.005866469480910353
727,0.00536507820802471
728,0.004706086666648468
729,0.003992167105487112
730,0.0032485012207106347
731,0.0034370080123600987
732,0.004704856739004349
733,0.004866141446351928
734,0.0036986937711989167
735,0.0037414734263346338
736,0.005696714675332982
737,0.00316089810919024
738,0.00466177527911015
739,0.0036137345130786316
740,0.003908177539415192
741,0.00359039749702557
742,0.0031857711109628396
743,0.005336213982128169
744,0.005119199056357574
745,0.0051532408043775445
746,0.004234823799624647
747,0.0052353338349290885
748,0.003971747924561709
749,0.004694331616707449
750,0.004359569135842668
751,0.0049666293482351605
752,0.004697173474091364
753,0.004765384167267401
754,0.004217663576243453
755,0.003703228650602608
756,0.004491929101595093
757,0.0035145252182874607
758,0.00441878963500217
759,0.004625526215917605
760,0.005331968392027424
761,0.0039682609798517895
762,0.005273831759243169
763,0.005293652910387166
764,0.0036762866154839728
765,0.0038344201069747444
766,0.004600922183257469
767,0.003873339352255229
768,0.004183045348731361
769,0.004144503319814306
770,0.005827595774404934
771,0.004192666646318569
772,0.004765037556353491
773,0.004490863208567524
774,0.005995785945352898
775,0.003818786004269477
776,0.004488181113080669
777,0.004272553007121175
778,0.005960758292949611
779,0.00426669549929174
780,0.004935633479608297
781,0.006161085713843238
782,0.004535393690087995
783,0.003685388098505976
784,0.0042052547741193505
785,0.004486840456275599
786,0.00428036777688364
787,0.005478947475080892
788,0.0031712674564683793
789,0.0031609142275152
790,0.004162279265449523
791,0.003574988469428342
792,0.004664143316086478
793,0.004047471165817808
794,0.00532819679920933
795,0.003803787812925986
796,0.004568466141906342
797,0.0049883283068156165
798,0.0049083241121104315
799,0.003155786062600941
800,0.004522734087090828
801,0.004942773781496928
802,0.005316305961709337
803,0.00420046989985701
804,0.0066720275790430605
805,0.003881290166487267
806,0.0048748705805684
807,0.00589046873741724
808,0.0053779388314098234
809,0.003945965804935743
810,0.004191003952337991
811,0.004360908706508954
812,0.0035629621424526532
813,0.005597019397735869
814,0.004359894114757134
815,0.004249534307630725
816,0.005591906217252096
817,0.0028440494195184863
818,0.0040756924725082215
819,0.0034775067180153056
820,0.004538078565337133
821,0.004413455564067662
822,0.004969782098972549
823,0.0056086939181864545
824,0.004803990264282754
825,0.004754114627657045
826,0.003603873586966767
827,0.004318075900964831
828,0.004952538989961059
829,0.003700799828197526
830,0.005601929990498031
831,0.004806011563535624
832,0.005458873424758499
833,0.004336169241368124
834,0.005482492741037508
835,0.0034503350112312808
836,0.006078642292922023
837,0.004945129918240358
838,0.00404979501717395
839,0.004446230260544412
840,0.005317128289514961
841,0.004796995481661898
842,0.004887481344912741
843,0.004121072806089023
844,0.003987217728521616
845,0.004873055498931549
846,0.006205671396899214
847,0.0054699866396110755
848,0.004853889014893433
849,0.004630811658682346
850,0.003958858500280055
851,0.003957468717768308
852,0.0040394851670181005
853,0.004169848940537555
854,0.0035075014258461397
855,0.002589548248261775
856,0.006177970811785642
857,0.005994686491913088
858,0.004035555382119677
859,0.00389486912114542
860,0.0052440141743217185
861,0.0033806757288864842
862,0.005667234267873157
863,0.0029835371384424867
864,0.004222352828022965
865,0.004597023382504833
866,0.006915873006085075
867,0.004817564079112055
868,0.0035937747763079915
869,0.0041890358521154015
870,0.006285115942037443
871,0.003656567138456185
872,0.003720876512936287
873,0.004071758942339488
874,0.004355387251024016
875,0.004065405668832624
876,0.005095399512067652
877,0.004738408427025813
878,0.005289723729277732
879,0.005857396491000332
880,0.004923416725230507
881,0.0049615069340992095
882,0.004341337919449581
883,0.005534046069471284
884,0.005285661118539301
885,0.00489787355371167
886,0.004909912603449941
887,0.004669182975559369
888,0.004733961002553798
889,0.003660484699861309
890,0.0037258028109107048
891,0.004877785086772213
892,0.0046905458623927735
893,0.004910754419965781
894,0.0041204648823911574
895,0.0047197815159932596
896,0.00601974566673143
897,0.004727490763062157
898,0.004813783664657321
899,0.003919892714105709
900,0.005576124145591166
901,0.005381543242182243
902,0.0044198847572261
903,0.005521735961901001
904,0.0062100605807952685
905,0.0053674856656774255
906,0.005251752899008959
907,0.0050630201147878464
908,0.005552668400230773
909,0.005515899051845606
910,0.005952626188416847
911,0.0044332282454383354
912,0.004988952758024439
913,0.0038396344770883425
914,0.005827258051823943
915,0.004461618428144397
916,0.004528593636692561
917,0.005217647976851801
918,0.005722420547427314
919,0.00365437136451152
920,0.004315001963631302
921,0.006252199193921924
922,0.00481016968034156
923,0.005392896025677189
924,0.004201157758033664
925,0.0061443970154782404
926,0.005063304596415181
927,0.005446983811524992
928,0.006365673776368596
929,0.005631285717841127
930,0.004808255430867171
931,0.005604283258897282
932,0.005970835869361292
933,0.004184401104996343
934,0.004364733247798756
935,0.004374774009886009
936,0.005118838435529531
937,0.004523291081164239
938,0.005110981506558822
939,0.006640629062617552
940,0.004720886286541206
941,0.004633933468467726
942,0.004502883069295739
943,0.00492766280767105
944,0.0050957501972868436
945,0.0039759352902552884
946,0.0055382893694932425
947,0.004697710435028144
948,0.00511553137455069
949,0.005650863692333963
950,0.003547427505061875
951,0.0067022305740956365
952,0.005707966946324127
953,0.004478403705491921
954,0.004123169934794691
955,0.004664313107024923
956,0.005744951788362832
957,0.0051605093770102405
958,0.0050866188192028655
959,0.005356014284304351
960,0.005758549163435837
961,0.005728123909359547
962,0.006009197649767711
963,0.005027222580951824
964,0.005705632001557942
965,0.0054683180645779
966,0.005385631792402516
967,0.005580593759886041
968,0.006328776401619146
969,0.006087742707879645
970,0.005221003265418519
971,0.004877962574749882
972,0.005967812313183603
973,0.004427632172120779
974,0.0050144495665639015
975,0.004339237207854499
976,0.005563079277982027
977,0.005631589844669511
978,0.0037404621336521353
979,0.00612201752168374
980,0.00410614495783756
981,0.004288229869589919
982,0.0046046137384629605
983,0.00605003366910664
984,0.006334211969621561
985,0.007546357748593899
986,0.007341969463538142
987,0.006306653763218376
988,0.0056037945650464355
989,0.006212572531824533
990,0.0048699020421952895
991,0.004778358409581299
992,0.005334969817051879
993,0.005145581792252386
994,0.006713816189851117
995,0.005400836654723481
996,0.004366743773899211
997,0.0048295064954713566
998,0.00551903392001155
999,0.0053521096642870115
1000,0.005362233203731381
1001,0.005074907603557222
1002,0.005099684822313961
1003,0.004219341809706141
1004,0.005283048749593685
1005,0.0065810575880089935
1006,0.004475739673320537
1007,0.005800545781168029
1008,0.004857856257692061
1009,0.0037281046079153876
1010,0.006708129110126128
1011,0.004686146665508637
1012,0.006442728908459974
1013,0.004860427359715917
1014,0.004091454664174105
1015,0.0037479602349718795
1016,0.004727073916520956
1017,0.004560229323119745
1018,0.004126167080689883
1019,0.00542089636557706
1020,0.006120735748337456
1021,0.005922885115040348
1022,0.004850982313597804
1023,0.006245213920746686
1024,0.004368600229287358
1025,0.0041545389356629344
1026,0.006385645416490401
1027,0.006111978639623091
1028,0.004923913871549765
1029,0.0058471988146294954
1030,0.004106226114561737
1031,0.005503669969223824
1032,0.005487061790070526
1033,0.005584181581244117
1034,0.005507932369904925
1035,0.004649148611485817
1036,0.0044750944054814884
1037,0.005068732878989688
1038,0.004942904204307567
1039,0.0066527962814674655
1040,0.004155710147715003
1041,0.007133252345536473
1042,0.0049016170051468105
1043,0.004778000155056361
1044,0.0062666352358295594
1045,0.00539562037721182
1046,0.004871857290073956
1047,0.004026188226917939
1048,0.006275453397450739
1049,0.00598778408138536
1050,0.005709952249451326
1051,0.005389594742386151
1052,0.006298020376735145
1053,0.004580501934325429
1054,0.005792642829571075
1055,0.004883651830679145
1056,0.0061050372082501695
1057,0.004580759178636418
1058,0.005605014170301036
1059,0.004275462903717111
1060,0.005583158344153263
1061,0.005947082007228995
1062,0.004776545685181479
1063,0.0057408953182439
1064,0.0051901919814843
1065,0.005223997350156655
1066,0.0044744115710070925
1067,0.005089307538582943
1068,0.006300596295673925
1069,0.005511079902279317
1070,0.004334107812552709
1071,0.005576279519623818
1072,0.005884492050268269
1073,0.003520201185026616
1074,0.003220959594136008
1075,0.005482442013984953
1076,0.006883554536519417
1077,0.005158071506778628
1078,0.005353286756467747
1079,0.004287531019173681
1080,0.004414714034196333
1081,0.006770420313668659
1082,0.004112976547658614
1083,0.004411478113835319
1084,0.005109308334737314
1085,0.006368445320515006
1086,0.007827953375944783
1087,0.005413212656426439
1088,0.0057438936873084115
1089,0.006628600943908428
1090,0.005486955601511346
1091,0.005081956731922377
1092,0.004838005531628224
1093,0.005465056231644537
1094,0.00621987760551126
1095,0.003812890978657552
1096,0.00683927202737236
1097,0.005857911131839963
1098,0.005800399802590994
1099,0.004825253475693956
1100,0.005859753904501087
1101,0.00497369593635778
1102,0.004711466016329174
1103,0.005235252434518077
1104,0.006079450190655835
1105,0.004805791651065986
1106,0.005343550088120595
1107,0.005403963525745822
1108,0.005052508247611095
1109,0.0061215566902463915
1110,0.0049454707024981165
1111,0.00456870500495406
1112,0.004676757472586201
1113,0.006707086943880847
1114,0.005648612842104206
1115,0.005447804909000831
1116,0.0036139437433453238
1117,0.005754032608935617
1118,0.004930706748598909
1119,0.004358109177297188
1120,0.003992299260091155
1121,0.004397645526050982
1122,0.005082168052410005
1123,0.005306034980989468
1124,0.003580955369894611
1125,0.005573355628820579
1126,0.004945006477692727
1127,0.006304118162497327
1128,0.006030565521094046
1129,0.0055109027972133524
1130,0.005144811107172808
1131,0.005353164342407595
1132,0.005600129014402185
1133,0.004519035815194782
1134,0.006542541647615421
1135,0.00759517919505015
1136,0.006326102312572951
1137,0.004745259482516548
1138,0.0053788768945239665
1139,0.005521006590805925
1140,0.005441928808327897
1141,0.005624476679330987
1142,0.004851229126033436
1143,0.005681379053197498
1144,0.004856215364559339
1145,0.004758467224226999
1146,0.004862456018195694
1147,0.005418307050849618
1148,0.0045999082861863634
1149,0.004555611336573271
1150,0.0065231212120413565
1151,0.006032590768766582
1152,0.004508028274444985
1153,0.005051352449675231
1154,0.0054950177710409095
1155,0.003987315839497439
1156,0.005812522449963985
1157,0.005313785901567566
1158,0.005040532805506945
1159,0.0070815361715855065
1160,0.0055398033648435515
1161,0.006301263709275869
1162,0.006101980627136072
1163,0.005515504370296618
1164,0.005083080625419305
1165,0.005363988210731242
1166,0.0042581963968428135
1167,0.004759814172136848
1168,0.006282004683430026
1169,0.005507212852188829
1170,0.0045572777374810166
1171,0.005361742791541878
1172,0.005680434686794234
1173,0.005384566784905185
1174,0.006391265600483628
1175,0.005542365842316824
1176,0.006375756789075529
1177,0.006342770131942373
1178,0.005959330831429393
1179,0.004647108076795352
1180,0.005667805967869566
1181,0.003880441166984383
1182,0.004790542134807245
1183,0.005848407967451273
1184,0.005411735410609889
1185,0.0049651975054912905
1186,0.004926651610673169
1187,0.005688278969919627
1188,0.00655443073039697
1189,0.004629811530206112
1190,0.0043637565423624534
1191,0.00440284803190725
1192,0.0037030261283068702
1193,0.004437210572105537
1194,0.005213583618151172
1195,0.006438515793441126
1196,0.004432216318823593
1197,0.003502985311368118
1198,0.007465314474497323
1199,0.005888007254508834
1200,0.0055640177177135935
1201,0.0068340007965739386
1202,0.005542001420205149
1203,0.004697197337557713
1204,0.005702452175942848
1205,0.0057721385036572995
1206,0.00458673697074927
1207,0.005751984988963823
1208,0.004873679946329156
1209,0.00492595782432343
1210,0.006475804889175508
1211,0.004422883766228407
1212,0.004871875424416632
1213,0.0069780974554882885
1214,0.005107257109586268
1215,0.004626271892202711
1216,0.003983522191403955
1217,0.006343201605756933
1218,0.007657869573218733
1219,0.004121978008380023
1220,0.004892303398336812
1221,0.005523422101269096
1222,0.004822572275496362
1223,0.004169321477728238
1224,0.006567183523512785
1225,0.004686915384982491
1226,0.005379913115907656
1227,0.005187086404360357
1228,0.004892648041739391
1229,0.007287499581122704
1230,0.0037027079089302643
1231,0.005603835285809409
1232,0.004248394275944318
1233,0.005696992311265877
1234,0.005064823968005219
1235,0.00484969308528225
1236,0.005305533182215027
1237,0.004710073617648699
1238,0.005503363094682018
1239,0.005661840898461551
1240,0.005236491386312991
1241,0.005470992849690707
1242,0.004254256157374974
1243,0.005506511409452836
1244,0.004832759696982398
1245,0.004277852371737864
1246,0.006639844612292354
1247,0.004552098252234928
1248,0.0045261657945784035
1249,0.00529561090979047
1250,0.006344117472522951
1251,0.003904402483645494
1252,0.006145331040089432
1253,0.005396624992528583
1254,0.005935652904597754
1255,0.0056697624874239355
1256,0.00474068121005234
1257,0.006926353850253185
1258,0.00567290694951745
1259,0.004051563103689299
1260,0.007098220272584715
1261,0.0046654800367717155
1262,0.005704756236752026
1263,0.005464002951662729
1264,0.004678124111893657
1265,0.004657201193728566
1266,0.006138005028737502
1267,0.005234328050550724
1268,0.005505350937060679
1269,0.0071392971443683135
1270,0.00527671257920687
1271,0.00488441043154804
1272,0.004135838197567315
1273,0.006593156998109956
1274,0.0035844595000699407
1275,0.0034283747242755324
1276,0.0058766275647536125
1277,0.007430239665457823
1278,0.004417380843531444
1279,0.00577804560418285
1280,0.005229422600100478
1281,0.003975148057222776
1282,0.004861622310619125
1283,0.0066047228928442885
1284,0.005286815312357493
1285,0.005710326300599956
1286,0.006925147218377485
1287,0.004826487070305221
1288,0.006073199026263504
1289,0.005150096061004747
1290,0.004408982913388634
1291,0.004596576057208169
1292,0.005737084592496219
1293,0.0034340199300560118
1294,0.005566011467996601
1295,0.0043500499916031945
1296,0.0037209151720624446
1297,0.004228118583601567
1298,0.005716251111441543
1299,0.005130953343824431
1300,0.005555125888753941
1301,0.005621716406682344
1302,0.0060030871888254
1303,0.005388586117728015
1304,0.005578227516952976
1305,0.0046540491451210865
1306,0.004432773663413375
1307,0.0052977096768570065
1308,0.004785857045914911
1309,0.004178426469609674
1310,0.005147598684758007
1311,0.005489093179690711
1312,0.004620285559386026
1313,0.004869703815139863
1314,0.005446469240268925
1315,0.006545597177469134
1316,0.005122328531017827
1317,0.00432683626295618
1318,0.005960624300531067
1319,0.004810839834380969
1320,0.005449820111347695
1321,0.004466036447237933
1322,0.004611186719904211
1323,0.004904726183754281
1324,0.005568383539087206
1325,0.003255029232460647
1326,0.004471653767737619
1327,0.005846390637406517
1328,0.006038743258873832
1329,0.005494081619540267
1330,0.005204740613927632
1331,0.006745408255468762
1332,0.00696016697625127
1333,0.004657870687330456
1334,0.005208880581434757
1335,0.006138846372547079
1336,0.005028530137577845
1337,0.006698462693228586
1338,0.004377006404938006
1339,0.0046855340559785776
1340,0.005901117767077974
1341,0.005320805836480946
1342,0.004709003289232016
1343,0.004512404854650081
1344,0.005042591236743315
1345,0.0059786122086705525
1346,0.0049134402550638666
1347,0.004504331091228533
1348,0.007100277274037667
1349,0.005340622323274147
1350,0.005775233203571083
1351,0.0053315645809417465
1352,0.004547704831941427
1353,0.005989613742597626
1354,0.005138718951789159
1355,0.004758085391268463
1356,0.004879619055755607
1357,0.005689003282953756
1358,0.005015477628711821
1359,0.004565451556868899
1360,0.004216462887670209
1361,0.005039381667706443
1362,0.0053640431074272205
1363,0.0038405589797231
1364,0.004745640405633908
1365,0.005507312622371717
1366,0.007122035897433913
1367,0.005579223161071746
1368,0.005469296751904213
1369,0.005348476263847376
1370,0.004747781896950318
1371,0.004741097305553026
1372,0.005529996629255558
1373,0.0060209101897531325
1374,0.004759541679786274
1375,0.0057083783952596905
1376,0.004244901093428895
1377,0.004427688962586837
1378,0.004961504228251417
1379,0.004971090674117145
1380,0.005044850550066691
1381,0.005020732350766636
1382,0.005897217982338689
1383,0.005062786667477912
1384,0.005792899570974802
1385,0.0037403591122711077
1386,0.004623039886249148
1387,0.0055436818982430155
1388,0.0048721436109016875
1389,0.003833845894116657
1390,0.004195324452060352
1391,0.003514910381093773
1392,0.006224133933539547
1393,0.004996117489922437
1394,0.004432698672832293
1395,0.005088622518838198
1396,0.005031396327323154
1397,0.0057860525760458715
1398,0.0034280791930093924
1399,0.0040864139489944105
1400,0.004615908632764504
1401,0.0043312120533734
1402,0.005397086008290191
1403,0.004200087882978435
1404,0.0048011903600704425
1405,0.0038064394461726474
1406,0.0039387784649628135
1407,0.005550957064279207
1408,0.0049373290234403355
1409,0.005000650822780915
1410,0.0040286349892936875
1411,0.004308580161864123
1412,0.0032106008007498793
1413,0.004862112818955211
1414,0.005765729821827595
1415,0.004039168492512082
1416,0.004983620939634016
1417,0.004988131891415891
1418,0.004234573523486717
1419,0.003667265239253914
1420,0.004251879820090142
1421,0.004469068853232163
1422,0.003919628668160248
1423,0.003972582435496392
1424,0.004431089697824237
1425,0.004271935484760592
1426,0.005237266391636766
1427,0.0056396223085429815
1428,0.004546786295534167
1429,0.005089971653173312
1430,0.005432261901284893
1431,0.004381128354864251
1432,0.00548211996895603
1433,0.004772765775424122
1434,0.005015328658907766
1435,0.005339533929232164
1436,0.0033539900701610365
1437,0.004261879261032427
1438,0.004834490083181114
1439,0.004172138584729668
1440,0.004314600324418973
1441,0.004051259404467788
1442,0.0037946643892537973
1443,0.005820168024896818
1444,0.004829935425992257
1445,0.005036560641966634
1446,0.0040812256411877496
1447,0.004290723027398123
1448,0.0043060143849173085
1449,0.0035887821932047946
1450,0.005856291914593414
1451,0.004981273440722679
1452,0.004344329018504285
1453,0.005494456399093097
1454,0.004171646325601845
1455,0.0051862811431217576
1456,0.005085713149518207
1457,0.005319361605148833
1458,0.004980151828873666
1459,0.0034741754576634054
1460,0.004628992772239375
1461,0.005376290182856979
1462,0.0056546416904200755
1463,0.0047565103048414345
1464,0.0038926166543249217
1465,0.0039025253073117394
1466,0.0036984238775201244
1467,0.006117277865072653
1468,0.004756573499016379
1469,0.004696584608032098
1470,0.005810784203016998
1471,0.00536205213765719
1472,0.005391881448996996
1473,0.0039058211684552214
1474,0.004680231300534658
1475,0.005531687080725706
1476,0.005258268717813143
1477,0.005332271390273938
1478,0.004806550004148102
1479,0.0031738534189427146
1480,0.005009069556272441
1481,0.004065163468834408
1482,0.004051597982551256
1483,0.004648860599690889
1484,0.004224020617252719
1485,0.005343697702171214
1486,0.005143498911373114
1487,0.004444558266619597
1488,0.003541839767884027
1489,0.004889806287316051
1490,0.0050272280906996
1491,0.0036685977467554734
1492,0.0035332973705422656
1493,0.0056186978339581636
1494,0.004653918425901793
1495,0.003884524920731709
1496,0.0034599147008506524
1497,0.0035176143507655187
1498,0.004134899647656961
1499,0.005139819334819174
1500,0.004692592136196918
1501,0.004278002580273703
1502,0.004863297668634914
1503,0.0032839807256442284
1504,0.0036146615286328137
1505,0.0043674144586793055
1506,0.004693416582865341
1507,0.0049511130510504625
1508,0.004428523754916295
1509,0.003899746885306538
1510,0.0040035208771263976
1511,0.0043503529899363265
1512,0.005466153865748469
1513,0.004990655164123931
1514,0.003648231020056373
1515,0.0034826627822136893
1516,0.0035622326609766803
1517,0.0041670726891352965
1518,0.003992603982017802
1519,0.00452362131135675
1520,0.004455094339405944
1521,0.0032869980765561136
1522,0.004020870305664305
1523,0.0037242978662164654
1524,0.004578450664536961
1525,0.005344613455293704
1526,0.004199697581555931
1527,0.003436711342464338
1528,0.003493718158920057
1529,0.004751088877951372
1530,0.004462173337771443
1531,0.003800474035891793
1532,0.004799358096548415
1533,0.004843243524581859
1534,0.002404640145883489
1535,0.005418718438805727
1536,0.004357509564128816
1537,0.006582521614796456
1538,0.005519490208219698
1539,0.0037009893588378514
1540,0.0030283484110340294
1541,0.005223706171183573
1542,0.004510844159056664
1543,0.004115660959614038
1544,0.005904259675483603
1545,0.0036520185016314147
1546,0.004931925114602015
1547,0.003946661420726857
1548,0.003232592545510482
1549,0.004124613231945818
1550,0.004773747707654294
1551,0.005155819792731014
1552,0.003945174727656801
1553,0.004012986241760368
1554,0.004212886533394571
1555,0.004305852742358444
1556,0.00393656008369391
1557,0.004092344796455498
1558,0.004348743475583476
1559,0.004863877945137487
1560,0.003543562734511585
1561,0.003964115190221549
1562,0.005668565488338659
1563,0.0037501410348514106
1564,0.004269516048283087
1565,0.0023216730230723485
1566,0.003257121879032061
1567,0.004639526756017446
1568,0.004646568840678175
1569,0.004164703588165659
1570,0.004443892191072034
1571,0.00424043783725268
1572,0.0036369743850497927
1573,0.004104069271667709
1574,0.004332191741201631
1575,0.00718391073487943
1576,0.004407170753337495
1577,0.005757082528102079
1578,0.0035077882066472076
1579,0.007269019078930363
1580,0.004184506479976422
1581,0.0047080703586707675
1582,0.00438239119969131
1583,0.004857981630757133
1584,0.004757738401023079
1585,0.005153518448827931
1586,0.003951155701990559
1587,0.005807698143938083
1588,0.004548929831336921
1589,0.006039490364595882
1590,0.004583504352056133
1591,0.00475627192749276
1592,0.002803576342326807
1593,0.004957511889491191
1594,0.0033727977610223682
1595,0.004455624182088604
1596,0.003623674300465537
1597,0.00421407254578385
1598,0.0036556959155513184
1599,0.004388027707064462
1600,0.006076732947500811
1601,0.004472579857483941
1602,0.003953860445974334
1603,0.0040786785931044185
1604,0.0033797072094222088
1605,0.005587591757123139
1606,0.003997666174987061
1607,0.0036753675252377493
1608,0.0032836110327653365
1609,0.004518164377562546
1610,0.0029717967593150827
1611,0.004050691814781102
1612,0.004376001331438024
1613,0.0048176396617597515
1614,0.0032847685781725597
1615,0.0050302071079689386
1616,0.00431816338806086
1617,0.00357767857005658
1618,0.004532653387546556
1619,0.0038898316409950707
1620,0.004572112902476672
1621,0.004197073873319101
1622,0.004376588591820485
1623,0.005180773679014584
1624,0.004020090096847049
1625,0.003933851859752423
1626,0.003109985228620067
1627,0.004537882924855766
1628,0.004600822536217276
1629,0.005493013746008584
1630,0.0033695015272747868
1631,0.0057647587210441185
1632,0.004681589643633555
1633,0.004798357891212661
1634,0.00410106444706755
1635,0.0046998464147489155
1636,0.004763823857213119
1637,0.00441998772317126
1638,0.0041713484803502015
1639,0.004057351382832008
1640,0.0037007010574193876
1641,0.004947192244510497
1642,0.002958340039561061
1643,0.0024641661565842766
1644,0.00509331783166364
1645,0.004015933840087705
1646,0.003094103726898394
1647,0.004609626270076473
1648,0.00393350704758805
1649,0.003216748446513001
1650,0.003802611954684142
1651,0.00432505616747279
1652,0.003992009273624428
1653,0.004936894064499823
1654,0.003422966273449544
1655,0.003787270331413888
1656,0.005159427679130218
1657,0.005221196713613435
1658,0.0035349090830716287
1659,0.004318959226068165
1660,0.004370617801820724
1661,0.00529183912548765
1662,0.004483294349021947
1663,0.004824675810971438
1664,0.005435477425519835
1665,0.004699679055250719
1666,0.0041716630951827574
1667,0.003666120930055123
1668,0.005612772681204314
1669,0.0037764562732754423
1670,0.004418302750064103
1671,0.0036571427831765344
1672,0.004454820769087602
1673,0.00394826267955299
1674,0.004177200885250285
1675,0.005193921062585552
1676,0.004327780026783114
1677,0.004219097945592477
1678,0.004961476528449797
1679,0.005513973379319872
1680,0.005126725188448391
1681,0.00433186303480253
1682,0.0057278422698887185
1683,0.004428645872221317
1684,0.0036129711098756017
1685,0.0038633602461130875
1686,0.004438930655172924
1687,0.005213565812843468
1688,0.003914131160998959
1689,0.0047933123708115465
1690,0.004603973682808121
1691,0.0033336394092383136
1692,0.004375067962211601
1693,0.0034055183825243843
1694,0.005125624805216267
1695,0.005132083045556635
1696,0.003735991324858679
1697,0.0033801972547244366
1698,0.003916390750606615
1699,0.004649619600679707
1700,0.004778514574556741
1701,0.0037512409816126964
1702,0.0037208583730500237
1703,0.003909604274581181
1704,0.006002033474364979
1705,0.004733395008322929
1706,0.004396848168667814
1707,0.004785412855920777
1708,0.004588320016525344
1709,0.004164433142466892
1710,0.004608965256718673
1711,0.0054873221524758264
1712,0.0034018537689772775
1713,0.0038177974923792857
1714,0.0039456740071886634
1715,0.0032304388441266453
1716,0.004114943619228258
1717,0.00595156590821312
1718,0.0038046036061421054
1719,0.004704186426279771
1720,0.003176346901859183
1721,0.005651943209938638
1722,0.00539796308299946
1723,0.004247881238760394
1724,0.0048396705228480556
1725,0.00542796259712001
1726,0.00319370626092432
1727,0.004195710606360254
1728,0.00552752002185448
1729,0.0034335763868425387
1730,0.0030423071268217876
1731,0.0034742926787397926
1732,0.0035090325721588065
1733,0.004341542767193344
1734,0.0045229260678521345
1735,0.004609194032141998
1736,0.003158903445716807
1737,0.00419335314937699
1738,0.004777523236678838
1739,0.004751426146824434
1740,0.0048563502935264425
1741,0.005521605265953224
1742,0.004064915543206134
1743,0.004911173891626291
1744,0.0050899197100830315
1745,0.005166282968275482
1746,0.0035882150528084907
1747,0.004936180825964021
1748,0.004530700826257493
1749,0.003476748942621126
1750,0.004741285321177288
1751,0.004420698144063603
1752,0.004185582659129212
1753,0.004008747064290219
1754,0.0043483157781064085
1755,0.005685082405011238
1756,0.005298203980990885
1757,0.003988167058340633
1758,0.004678902138010248
1759,0.0050303738890573775
1760,0.004090154398173105
1761,0.004065238230829155
1762,0.004604201774060447
1763,0.005139057969952571
1764,0.005242056522172153
1765,0.005867573460197909
1766,0.004920346463901325
1767,0.005122954568356536
1768,0.0052255736273576665
1769,0.0051919204075631335
1770,0.00245754801838461
1771,0.004204071072972655
1772,0.004546467037225883
1773,0.003285793978070687
1774,0.004914310015761108
1775,0.004840519222362052
1776,0.004928357342520492
1777,0.00355175007724837
1778,0.004706833409698678
1779,0.004425260389469923
1780,0.0038721996312117896
1781,0.004681959970762292
1782,0.005426472678202175
1783,0.004645469296433259
1784,0.0032149357562120135
1785,0.005181370355265764
1786,0.003545340844264877
1787,0.00544777022618551
1788,0.004357606997545522
1789,0.004487283470105409
1790,0.005193467006652749
1791,0.004933265501532578
1792,0.005338302065201643
1793,0.004948076997520513
1794,0.005534252654349927
1795,0.004099954598478646
1796,0.004732790323581116
1797,0.004153012058605017
1798,0.00661128974573489
1799,0.00422166566943541
1800,0.0031521229091537413
1801,0.005978792690011832
1802,0.004093529089004733
1803,0.005336352896674292
1804,0.004790880572048962
1805,0.004135689281149156
1806,0.0047621800485291126
1807,0.005774537279042609
1808,0.0049858198080838766
1809,0.00550698360322193
1810,0.004765114163583059
1811,0.004657856615974904
1812,0.005869607562855226
1813,0.005126806437796664
1814,0.005655774301900122
1815,0.004052640961740436
1816,0.004658430421696966
1817,0.005090206853642557
1818,0.00577412868684434
1819,0.004331045259638655
1820,0.0043143892372817004
1821,0.004041748264763368
1822,0.0038780908799376378
1823,0.005422045057818492
1824,0.005495950338497225
1825,0.005083930947962688
1826,0.004520818371020141
1827,0.0038245366281371967
1828,0.004202248295278257
1829,0.004403763410953125
1830,0.0034017894730144663
1831,0.004265389771616255
1832,0.004316689723343607
1833,0.004534889845961025
1834,0.0030452055406573297
1835,0.0062082407833562074
1836,0.004527192030460962
1837,0.004425253650489529
1838,0.004992375611162436
1839,0.005911702840320585
1840,0.00559501738771071
1841,0.0036100808338810496
1842,0.00436325420141368
1843,0.004482405573215811
1844,0.00719585004573298
1845,0.005167697293458447
1846,0.003810620582202867
1847,0.006704098883520125
1848,0.00414706079082241
1849,0.005145597770890509
1850,0.005341375961304746
1851,0.004720551329170583
1852,0.004932605952490121
1853,0.005649196370959833
1854,0.005633978123821887
1855,0.004725850811242015
1856,0.004157023630954976
1857,0.005509025486851839
1858,0.004787038169120529
1859,0.0030208331544210004
1860,0.003893910231353301
1861,0.005878245057713698
1862,0.004520731324119547
1863,0.005814882428586273
1864,0.005261682539322277
1865,0.005517103757209418
1866,0.007193969894456492
1867,0.0038206862547725444
1868,0.004369182480952568
1869,0.00440268403693312
1870,0.005114170700720038
1871,0.006525115702248831
1872,0.0054159114026535666
1873,0.006839442887703337
1874,0.0038047003520963094
1875,0.005747136913539309
1876,0.004965836626676416
1877,0.004893705618867118
1878,0.005415437757042199
1879,0.005616867463455521
1880,0.005336822299911532
1881,0.00589849832927968
1882,0.003928823415302008
1883,0.005398544449798507
1884,0.006895537483283007
1885,0.006644792794095193
1886,0.004217527391884932
1887,0.005837347151793351
1888,0.005105923990875396
1889,0.00523637419936431
1890,0.0037774331412081317
1891,0.004927596116590033
1892,0.004275133849457941
1893,0.004347573015005013
1894,0.005278647883570225
1895,0.004245609032555616
1896,0.004653624126351335
1897,0.004026468716210007
1898,0.003523713002164547
1899,0.0035623117351023543
1900,0.004436938177114205
1901,0.005741726279204216
1902,0.004585098796745851
1903,0.004047387951903234
1904,0.005896784869874532
1905,0.004794896679485978
1906,0.004833742587877731
1907,0.005747929511724376
1908,0.0061814095394751465
1909,0.005546270975722268
1910,0.00644035076517852
1911,0.004334690156004702
1912,0.005557755294643039
1913,0.0038607156850394815
1914,0.004901771359736957
1915,0.004972852432945815
1916,0.005716786215478871
1917,0.004377923299779511
1918,0.005924437608175342
1919,0.0042246158451263675
1920,0.005536621358346781
1921,0.004009000870855599
1922,0.0054366017337752195
1923,0.0037147825279957728
1924,0.0046525564065675665
1925,0.00452837646307238
1926,0.00475929084778828
1927,0.00462700275042268
1928,0.006501183196676374
1929,0.0035840549697905007
1930,0.003750585030906627
1931,0.003526391999796957
1932,0.0045887566982220586
1933,0.006427136673924646
1934,0.004870466911511141
1935,0.003976320913901122
1936,0.004345340909258951
1937,0.004661088588926802
1938,0.004668647853476513
1939,0.0060083895250933154
1940,0.004527116900395153
1941,0.004567469571662109
1942,0.005305560598629647
1943,0.004116585674926191
1944,0.00643115413936718
1945,0.004961542953294286
1946,0.006559578039857101
1947,0.0032948078282176523
1948,0.006515557596295756
1949,0.0051580790797800995
1950,0.004919744363799091
1951,0.005440976008945394
1952,0.004635427804209434
1953,0.005880784944060401
1954,0.004702342695906289
1955,0.005622797152884434
1956,0.00383924048920952
1957,0.006148948345648861
1958,0.004751340450826637
1959,0.006136646733105567
1960,0.00501172372507484
1961,0.004863301519175626
1962,0.005423212411303197
1963,0.006505672967106211
1964,0.005533002198977296
1965,0.005089698342277506
1966,0.005111506553923449
1967,0.004457688501653527
1968,0.005017003668226174
1969,0.0050558671303853825
1970,0.0057341009877933495
1971,0.006014445758294656
1972,0.006733614638448224
1973,0.00434510406052545
1974,0.003956137066260064
1975,0.006544360714253835
1976,0.0045759038750965994
1977,0.004205215076956573
1978,0.0036250853128934517
1979,0.004669093426913143
1980,0.004790637124108524
1981,0.006374314883566786
1982,0.00402698915480407
1983,0.0045223745627669225
1984,0.005389016684299956
1985,0.005106779447646298
1986,0.004538334676331105
1987,0.004670965818698436
1988,0.004082582761983513
1989,0.00409991325048193
1990,0.005404906644380101
1991,0.005170504850447908
1992,0.00561026034255707
1993,0.004746110221117666
1994,0.004365351998727882
1995,0.005160722749606644
1996,0.005212388295798779
1997,0.004769984333492291
1998,0.005758064925647064
1999,0.0045553482449620444
2000,0.004886043502102396
2001,0.005606647144477826
2002,0.005342640273074577
2003,0.005626159923041187
2004,0.005684903302435053
2005,0.005921933069123678
2006,0.004966968039095971
2007,0.004867216712949494
2008,0.004493324337379327
2009,0.004225015179332649
2010,0.004803124111478812
2011,0.004002661399667092
2012,0.00517444959494617
2013,0.0058482075423636985
2014,0.005597233893543792
2015,0.005453456381690644
2016,0.004654953672509273
2017,0.005550753178087891
2018,0.00541156840240763
2019,0.004577823452073351
2020,0.004938345446885611
2021,0.0044739039990201405
2022,0.005621312622621652
2023,0.005697054091970564
2024,0.005225071804618763
2025,0.0038035492615895307
2026,0.004218236945581296
2027,0.005975323140153214
2028,0.0034395689083808858
2029,0.004062751319892529
2030,0.005547376747262971
2031,0.004959139690924083
2032,0.0053855237533247825
2033,0.003818733081177001
2034,0.005474850193826973
2035,0.004890622642022439
2036,0.005797848190923105
2037,0.004868706105601935
2038,0.004655041461817399
2039,0.0051884766824456625
2040,0.0058512460273338965
2041,0.006133889401964899
2042,0.006461393498443252
2043,0.004695311435445171
2044,0.005433838693952855
2045,0.0054625114751991255
2046,0.004780882631975045
2047,0.004510206922373433
2048,0.004842887992419983
2049,0.004433675667978749
2050,0.004340674090122948
2051,0.004657955542724166
2052,0.0058621280479114616
2053,0.00365210318927388
2054,0.004720506124569857
2055,0.005314134147319858
2056,0.005925125865143768
2057,0.005164555942991726
2058,0.004166685719870397
2059,0.006443155362210255
2060,0.005023892605961356
2061,0.004945950799545186
2062,0.0055909963942083
2063,0.0044547824703234555
2064,0.005236508113941656
2065,0.006369561436590701
2066,0.004367811926573585
2067,0.006320034817546247
2068,0.0052730105478062
2069,0.005462267459531884
2070,0.0042421412650467585
2071,0.004785901201940428
2072,0.005371848083259898
2073,0.004643235105461264
2074,0.0035035738044479374
2075,0.004661119589616733
2076,0.0058383517902661376
2077,0.005981395744807771
2078,0.004338821823261068
2079,0.0055922032609934886
2080,0.004564009415093645
2081,0.0050059735670993895
2082,0.004462892202094996
2083,0.004506118959282517
2084,0.004157726914681483
2085,0.004314658338169841
2086,0.0034808167273161143
2087,0.005937016482343935
2088,0.006318168495844085
2089,0.004551620263685306
2090,0.005313005018713681
2091,0.004754598088419741
2092,0.005426572094115222
2093,0.00409940012208868
2094,0.003664836623376311
2095,0.005674346615359397
2096,0.006614286210461859
2097,0.004074245560158964
2098,0.004986599208634635
2099,0.004907807759861628
2100,0.004383851936879745
2101,0.004714466877871134
2102,0.003350945308724592
2103,0.005338877086730449
2104,0.006464088595257924
2105,0.005329075579784186
2106,0.006422041921766885
2107,0.005364945347999252
2108,0.006878374860250568
2109,0.005872826597335497
2110,0.00498334657883485
2111,0.0056411657074816515
2112,0.004770666613203791
2113,0.004892377428722471
2114,0.0035713346736999468
2115,0.004536901185784945
2116,0.0061541561493262025
2117,0.005566542555734197
2118,0.004955219143748908
2119,0.004991083574962445
2120,0.003933145133314177
2121,0.005321704557972557
2122,0.005843813723509407
2123,0.004263807040207746
2124,0.005172414968131177
2125,0.003990172789671637
2126,0.006170003896205878
2127,0.004053922803977334
2128,0.0052212104938151906
2129,0.004436896608471187
2130,0.004921993813695735
2131,0.004599232022421405
2132,0.005499607043655863
2133,0.005507671330546839
2134,0.004486490200049177
2135,0.006364093713071068
2136,0.0052451148774361215
2137,0.004729997813907204
2138,0.004025292190312434
2139,0.0054215774346789295
2140,0.006849660734183595
2141,0.004887459532891092
2142,0.005298415938095931
2143,0.004375065185163366
2144,0.00393926754582531
2145,0.005512813642434637
2146,0.004811912195792602
2147,0.0047481238899409715
2148,0.005040166643517469
2149,0.004821013038761319
2150,0.004779092866513002
2151,0.005145744167373142
2152,0.006560480126507982
2153,0.004008733994216152
2154,0.0034901863708087363
2155,0.004739294273594934
2156,0.005568436266854868
2157,0.003642700345788774
2158,0.003570534256487874
2159,0.004405888288861856
2160,0.005248366974069901
2161,0.004300354472751866
2162,0.005300792515631728
2163,0.0047327042918209735
2164,0.006515570792486422
2165,0.004505636567796861
2166,0.004840548938643353
2167,0.003828257855766135
2168,0.0051402845273558
2169,0.005958144111308871
2170,0.005436584092436417
2171,0.004922725717488137
2172,0.004839993198171243
2173,0.005320391026283947
2174,0.005920657760610098
2175,0.0049537373931329174
2176,0.004585919885790818
2177,0.004529514665952616
2178,0.004496146919943082
2179,0.00537237605408697
2180,0.004985160867305702
2181,0.004830950186303761
2182,0.004058661450327481
2183,0.005416830836197949
2184,0.004848426589714585
2185,0.005416106058772938
2186,0.005363350505845913
2187,0.004237126437522146
2188,0.004467322611999985
2189,0.0048382690328585415
2190,0.0038296614108860793
2191,0.0052125184679642275
2192,0.0038784513533409197
2193,0.003687063414482899
2194,0.004335852129900429
2195,0.005275207250792485
2196,0.004517856833141802
2197,0.005575883186952163
2198,0.00451868961358236
2199,0.005259828483527628
2200,0.005845950078923673
2201,0.003605084709118865
2202,0.004405050245882843
2203,0.004122922238618937
2204,0.003550127294205133
2205,0.004522594424102747
2206,0.004633559956721637
2207,0.003874498444236538
2208,0.004932887794330739
2209,0.004389734471289326
2210,0.006211662436856257
2211,0.006612108710026997
2212,0.0052211537920465205
2213,0.006106523887807733
2214,0.005842232511736617
2215,0.005411367441180147
2216,0.005563235120678742
2217,0.004424336072083356
2218,0.004915101410699121
2219,0.006460452526100978
2220,0.005478134451954652
2221,0.0042039371597523325
2222,0.0053209842100466
2223,0.0061338109262578655
2224,0.0042075652199278085
2225,0.0036375218517764193
2226,0.005411866025280601
2227,0.005062565810173207
2228,0.003372578697732053
2229,0.005798887756475505
2230,0.005296200544098466
2231,0.005066595399555462
2232,0.0037601043048140588
2233,0.004689668220909504
2234,0.005993418563732467
2235,0.004314517844336695
2236,0.004600423926777218
2237,0.005693588248663767
2238,0.0064994494526232184
2239,0.004926961371113846
2240,0.004510038322353337
2241,0.005039638619968577
2242,0.005269511452218193
2243,0.005805952806512655
2244,0.003966974989741593
2245,0.004863635456122066
2246,0.005589991824048671
2247,0.006290530425816079
2248,0.004884733389998373
2249,0.005604528943848212
2250,0.004681255081532216
2251,0.004925476519554014
2252,0.003266145872556889
2253,0.005482921138796623
2254,0.004772594626711142
2255,0.004442824757302693
2256,0.005693442424787449
2257,0.004919762424198404
2258,0.004419282157739092
2259,0.0038384521626179027
2260,0.0035843811773023817
2261,0.0055571263187702575
2262,0.004527845772827277
2263,0.0067857715783623184
2264,0.004658364344539309
2265,0.004403160482373399
2266,0.0055479836391607515
2267,0.004444348614809328
2268,0.0055316686476068015
2269,0.005598244060704942
2270,0.005448874273410877
2271,0.004126243690171534
2272,0.004261768309579421
2273,0.005350567535638148
2274,0.00534932071830207
2275,0.006084868594270019
2276,0.006020344095477846
2277,0.006366903955148743
2278,0.004754658255507589
2279,0.004943420923876739
2280,0.004929591481038461
2281,0.004940207213722816
2282,0.0032444918306859948
2283,0.0055356846700999
2284,0.004824132319400733
2285,0.005152129553780902
2286,0.0038373923112048364
2287,0.004557018506371634
2288,0.0037696093572271317
2289,0.005485688970299042
2290,0.0040903267538866086
2291,0.005668406571492105
2292,0.00526115832690266
2293,0.004478035564095499
2294,0.004300050926209975
2295,0.00654517792345215
2296,0.0039109626457156125
2297,0.004257183371327488
2298,0.004471464553485959
2299,0.005484282014102006
2300,0.006108821899610958
2301,0.005122061464741516
2302,0.004161468831986736
2303,0.005676533251740722
2304,0.005211930928265838
2305,0.005878182316784717
2306,0.006041182012903312
2307,0.004597375673689558
2308,0.005436629809818918
2309,0.006694565064078363
2310,0.004966783451631532
2311,0.004688451102184545
2312,0.00489617241126123
2313,0.006188992792481763
2314,0.004005777176297713
2315,0.0035933988287329805
2316,0.005405505009952726
2317,0.006089593077246848
2318,0.0048579873357431054
2319,0.006876160731201434
2320,0.004719071041339674
2321,0.005855740604428796
2322,0.005808637091196567
2323,0.004250066022082354
2324,0.005704007689928403
2325,0.0063769568308969845
2326,0.004471298402518547
2327,0.003630865786983613
2328,0.005607907528529823
2329,0.004903919358589014
2330,0.0038350993321121982
2331,0.005313154825310607
2332,0.0045644825236989175
2333,0.005347239958422188
2334,0.005714492073849893
2335,0.0051837223726911436
2336,0.004557276872450501
2337,0.005827151892253101
2338,0.004273422633328693
2339,0.0037857656045364113
2340,0.005155449151176967
2341,0.0063790194916013175
2342,0.005829087825207223
2343,0.0041274681338802025
2344,0.006090998460797617
2345,0.004490014608664852
2346,0.005165062628091416
2347,0.005562394854923551
2348,0.005753312513127365
2349,0.006015590487044796
2350,0.0051048135231082726
2351,0.006161668939245237
2352,0.004115784835621959
2353,0.0054597538248691265
2354,0.004976781496282903
2355,0.0046343072810688885
2356,0.004211372782452917
2357,0.0049451119054523705
2358,0.0040541832815275515
2359,0.0052637432032382105
2360,0.004165280877627776
2361,0.004675294353272341
2362,0.005295129589545208
2363,0.006318974000307554
2364,0.0048169564066657105
2365,0.005682926518183815
2366,0.005039778642394739
2367,0.003817825944665062
2368,0.0050097182890264476
2369,0.006435893098698996
2370,0.00493155757067143
2371,0.006691954417802331
2372,0.004867102060603747
2373,0.005683296546882799
2374,0.005015757029815134
2375,0.0057602772041199
2376,0.0063423889367272964
2377,0.004679597419396039
2378,0.004318146928343349
2379,0.006229623238819869
2380,0.005452734822664218
2381,0.005536100647972605
2382,0.004105849817683015
2383,0.004349203274383428
2384,0.0060183766321902765
2385,0.004483357819452298
2386,0.004415788920596242
2387,0.004959320820605157
2388,0.005856066792133904
2389,0.0049108143820275375
2390,0.004475214884367897
2391,0.006284838179410491
2392,0.00494630696659211
2393,0.00456262596690933
2394,0.005076348615566819
2395,0.004702239762471956
2396,0.004349190881637494
2397,0.004975306155150368
2398,0.004293432570511146
2399,0.005542518953353422
2400,0.0052729943555378765
2401,0.005241653406084792
2402,0.005314211879551063
2403,0.0050937878240513365
2404,0.004419993914173877
2405,0.005023296872957236
2406,0.004619346582590619
2407,0.004194234752561435
2408,0.004244738759827294
2409,0.005553056001002597
2410,0.00502449563449888
2411,0.004010489977522483
2412,0.00474817468496021
2413,0.0049289399905232826
2414,0.0048286025556167475
2415,0.004915231758555848
2416,0.004623360114944969
2417,0.005483838540962935
2418,0.00456011215762359
2419,0.00564844557650051
2420,0.004471565457938667
2421,0.003949963564082282
2422,0.00585904033274375
2423,0.004522238681977523
2424,0.005253877781508472
2425,0.004629827836839785
2426,0.006489892102388059
2427,0.004497770503803622
2428,0.006348121058094659
2429,0.005161847843059121
2430,0.005343700180385476
2431,0.004999750628196616
2432,0.005249334498546973
2433,0.005241246204749341
2434,0.005603577609791601
2435,0.004149266919523056
2436,0.004760688224234313
2437,0.0058430911704485805
2438,0.004362339287220652
2439,0.0055854293742514625
2440,0.004499430746825907
2441,0.005391367374931366
2442,0.005371908555389382
2443,0.005216309358296539
2444,0.005323006355678127
2445,0.0048040757434454654
2446,0.004842009936091638
2447,0.005086939985111323
2448,0.0047302630669975535
2449,0.005074134613962434
2450,0.005164672237047593
2451,0.005165208978031019
2452,0.006122390994278248
2453,0.006569075710724555
2454,0.00416529875430916
2455,0.004542689539188619
2456,0.005290878887333545
2457,0.004420155787397922
2458,0.0042052107626601816
2459,0.00422546316090914
2460,0.004597718167219898
2461,0.005111996174303977
2462,0.004926837866641729
2463,0.00633734099103585
2464,0.005704469148310766
2465,0.006554051791652686
2466,0.005318963113538865
2467,0.005537665573467079
2468,0.00574095329347839
2469,0.004197923684784208
2470,0.005318576923552125
2471,0.004721867179117879
2472,0.004488114087305601
2473,0.005454279963097568
2474,0.0057152513299014475
2475,0.006046036070377643
2476,0.00553251469688211
2477,0.005818898067936682
2478,0.00396273990335185
2479,0.005715158278141485
2480,0.003967039399116951
2481,0.003163695763110549
2482,0.004500381610283974
2483,0.004650769349869474
2484,0.005893412323082827
2485,0.004699832442023011
2486,0.005697440893022253
2487,0.003226086049517829
2488,0.005027779980630998
2489,0.005739012720051318
2490,0.005879810282966078
2491,0.00424085162047136
2492,0.004990651819608747
2493,0.004476292132335763
2494,0.00618576970396495
2495,0.005446619915823075
2496,0.005342343487254333
2497,0.005226334740222055
2498,0.004728521526669196
2499,0.005688540683516452
2500,0.004931467020570481
2501,0.005899983411042726
2502,0.0051033866069961475
2503,0.005476090268717916
2504,0.005261078537019091
2505,0.005769860807742502
2506,0.0051438116133217665
2507,0.005981800903331503
2508,0.005197302110669654
2509,0.005801356956663002
2510,0.004998310568586772
2511,0.005814566799161849
2512,0.00593238808447957
2513,0.004559674081223969
2514,0.005259665548013771
2515,0.004717359329579123
2516,0.005511487043645863
2517,0.005523415423903359
2518,0.006291516741406494
2519,0.004331125634457244
2520,0.005669896513508219
2521,0.004856144259570606
2522,0.007088363363032436
2523,0.005888585338638338
2524,0.005021903847274001
2525,0.005606861440427897
2526,0.0039408764561004415
2527,0.005078208398435168
2528,0.005432244229658474
2529,0.004296263070760428
2530,0.006353075488443701
2531,0.005765743576274771
2532,0.006088183714469085
2533,0.004263820394621617
2534,0.004554449834402129
2535,0.0061182868956830274
2536,0.004331289930315319
2537,0.004996594137501522
2538,0.004089289097522389
2539,0.005427717572664343
2540,0.004958222495920453
2541,0.005722952190563009
2542,0.004133897199940365
2543,0.006216483025560765
2544,0.006079341991276052
2545,0.004604305423743513
2546,0.0062381581852056864
2547,0.004657502635093388
2548,0.004889214272759365
2549,0.0046867323886429415
2550,0.005015516338249972
2551,0.005341156231426996
2552,0.0057853925392255265
2553,0.003792728714509553
2554,0.003988189839768142
2555,0.005610891021437026
2556,0.00420480897336679
2557,0.004661214910840268
2558,0.005939756005347359
2559,0.005369684141947396
2560,0.004827857196355509
2561,0.005494913770870346
2562,0.004213635287525239
2563,0.004979573254829683
2564,0.00518757202267547
2565,0.0043329362703685
2566,0.005198560846139795
2567,0.005447741068016354
2568,0.003940368198008011
2569,0.0052603476242871865
2570,0.00648655361804967
2571,0.004045583956458214
2572,0.0051407987010616265
2573,0.005590827326188215
2574,0.00508366838611047
2575,0.005269871552468791
2576,0.004007624281733851
2577,0.00549032730613983
2578,0.0044776066571348425
2579,0.005624223254147053
2580,0.004561635786515018
2581,0.005098997466467111
2582,0.0038878257814974945
2583,0.005203118451130909
2584,0.003841272899225014
2585,0.004440387761802875
2586,0.006393999153217356
2587,0.004154358758352741
2588,0.005348324807686916
2589,0.003995119571343474
2590,0.006794371651700376
2591,0.005264796832350493
2592,0.005819348042143882
2593,0.0049215702339198385
2594,0.0054307187860508244
2595,0.004221137190070872
2596,0.0038835429272911
2597,0.00610529734850778
2598,0.004314828832219873
2599,0.004939069193087995
2600,0.00546639395179227
2601,0.003909771144597991
2602,0.005226602675455589
2603,0.006583827784428621
2604,0.0038296658881696952
2605,0.004136980838204239
2606,0.006038890170217085
2607,0.004486012996494537
2608,0.005647348860033422
2609,0.004598239769765069
2610,0.005880076965175769
2611,0.004741088715880843
2612,0.0056385042101153105
2613,0.004721697054120586
2614,0.005816286190406933
2615,0.005056215431977762
2616,0.004261801886766787
2617,0.0036545907665092112
2618,0.004214088312668508
2619,0.0047544494120215644
2620,0.003971282846274941
2621,0.005311399986928178
2622,0.00555902315052605
2623,0.004420161601407768
2624,0.005978494065020063
2625,0.0057220266244835255
2626,0.004334317963401277
2627,0.005269050066248932
2628,0.004173888058594746
2629,0.004368413891204418
2630,0.0053319740032343865
2631,0.003901074434762695
2632,0.00520099014956652
2633,0.004581818768605849
2634,0.003746159865552308
2635,0.005229992980838731
2636,0.0050351677089074945
2637,0.005022152936449163
2638,0.004452915391575227
2639,0.005943113598025068
2640,0.005326569286735899
2641,0.005580088902206626
2642,0.005168899894626867
2643,0.004802688131074695
2644,0.004834804774526717
2645,0.005107507254930198
2646,0.004519280709491651
2647,0.00541856146111737
2648,0.005329928090773931
2649,0.004834510502116736
2650,0.005770406361296496
2651,0.004489581487365603
2652,0.006445515874460513
2653,0.0051765434983526435
2654,0.005792773920152935
2655,0.004814003167998707
2656,0.00327026323562706
2657,0.004422327187808511
2658,0.004533614998633441
2659,0.003788665388417449
2660,0.005612349669328458
2661,0.00463856533309491
2662,0.004910205943151451
2663,0.004135496053571669
2664,0.006120378848353294
2665,0.004690549740824656
2666,0.005735178901857811
2667,0.00602544038465278
2668,0.004304807567735672
2669,0.0039033377404213377
2670,0.005771108403375062
2671,0.0050230925279186244
2672,0.004961294087161872
2673,0.0036915260272277037
2674,0.0065030046218510955
2675,0.005556190667636064
2676,0.005706483420663207
2677,0.00420887254944001
2678,0.00530622533124332
2679,0.005091131719035772
2680,0.003454499057653944
2681,0.003508075962137867
2682,0.005039707110780809
2683,0.004560554824748247
2684,0.004827361897725264
2685,0.004435045049687023
2686,0.0040098621236196895
2687,0.004120785029954277
2688,0.0060198000648510755
2689,0.005342861472493654
2690,0.005689080220373211
2691,0.004409290283042032
2692,0.004278471362051769
2693,0.004456435800666296
2694,0.005249355600556426
2695,0.003496276647753788
2696,0.005741875352661794
2697,0.004962709078672416
2698,0.00501973665395492
2699,0.005534692920350824
2700,0.0059392134974168296
2701,0.005034760000795821
2702,0.005350332456175007
2703,0.004711374823172163
2704,0.0037342500662138236
2705,0.006874120289423791
2706,0.0054802053148575525
2707,0.005709519037895555
2708,0.00634405449870558
2709,0.0041877904393856176
2710,0.004386389638620173
2711,0.004864010622744293
2712,0.006376710693681768
2713,0.004617167563530587
2714,0.004391405656832152
2715,0.003944920223032582
2716,0.0043322733281312385
2717,0.004769835578906442
2718,0.005631406519525973
2719,0.005907630366906117
2720,0.004955743320597177
2721,0.004668492847168449
2722,0.004766145207314467
2723,0.00432876882809473
2724,0.005476434784906728
2725,0.003733511410130646
2726,0.005258780267352463
2727,0.005327406035027548
2728,0.0054998194804832725
2729,0.0050717184119368165
2730,0.004541914077154139
2731,0.005234231088945221
2732,0.004987019722547201
2733,0.00520979373553899
2734,0.00473500233922442
2735,0.004456207939963658
2736,0.004887473179093961
2737,0.005250337366421249
2738,0.004954232324096319
2739,0.003895614723111817
2740,0.006566551322947138
2741,0.004627973230815278
2742,0.003986376214650966
2743,0.004002418512148627
2744,0.004746386429721338
2745,0.0037744556781064372
2746,0.0048422875546430795
2747,0.004782667521737047
2748,0.004757196395826574
2749,0.005240571879738358
2750,0.004462894739094375
2751,0.005914531880181231
2752,0.005138378672632999
2753,0.0048100049100448525
2754,0.0037765956369675844
2755,0.004779921796268484
2756,0.00630441965710368
2757,0.0046649443648343475
2758,0.0037639730902493096
2759,0.005744522685875252
2760,0.004931938576827099
2761,0.005054553892680108
2762,0.004198628092992641
2763,0.004586799899409507
2764,0.004507026070011004
2765,0.004260359502661722
2766,0.0029487336659734693
2767,0.0049706170919971695
2768,0.0052819838072334984
2769,0.005389616376175711
2770,0.0040743725448486486
2771,0.005085758054592011
2772,0.003833619154777677
2773,0.005008735414097799
2774,0.00389018157113155
2775,0.005107372326684916
2776,0.007048577230307274
2777,0.003379532273342308
2778,0.004064617163027241
2779,0.0036824825216922722
2780,0.004367026901216753
2781,0.0041830596682779116
2782,0.004658586380087183
2783,0.003483909850541432
2784,0.005357464893302041
2785,0.005000879716207569
2786,0.005224459377391862
2787,0.005010332317599225
2788,0.0044445172696012175
2789,0.006339081795366448
2790,0.004005746848316261
2791,0.005821604476151396
2792,0.005117268201242301
2793,0.007251689726665121
2794,0.003309222146772155
2795,0.004289582582310282
2796,0.005111399498947855
2797,0.005431646840623303
2798,0.004499076170932746
2799,0.0051453907776920545
2800,0.004497151266164904
2801,0.004625913223005935
2802,0.0038796890834101572
2803,0.004390280184221439
2804,0.005909699318541994
2805,0.0056967135776450585
2806,0.005317051454536369
2807,0.005353445944141611
2808,0.005573327846153887
2809,0.0040006650229366236
2810,0.006067838834063704
2811,0.004723457724991484
2812,0.002770007717839372
2813,0.004327534995224726
2814,0.005108994976220105
2815,0.0062817113572987545
2816,0.0040019175822159185
2817,0.003978172556618653
2818,0.004800633563429565
2819,0.004718909664151152
2820,0.005294516557489895
2821,0.004320541062505014
2822,0.005923646541001896
2823,0.0048675720781108205
2824,0.00478000801249725
2825,0.005248257684422516
2826,0.004521132131995973
2827,0.003821721686628215
2828,0.004497226478951421
2829,0.005369553783176733
2830,0.006031142953909852
2831,0.004851996534275785
2832,0.005757713862540041
2833,0.005079832527472818
2834,0.004859898130177051
2835,0.004503371447970581
2836,0.0046692254530618866
2837,0.004150527013922646
2838,0.00544622410176551
2839,0.0038596426911392465
2840,0.005432708639885291
2841,0.004051909059478295
2842,0.007200330955894305
2843,0.004824363529180465
2844,0.005218860024465285
2845,0.003477768258837011
2846,0.005154427647785125
2847,0.005920287464375308
2848,0.005643814931693395
2849,0.003885177446222986
2850,0.005468823687041304
2851,0.00428852769220525
2852,0.004339102860588658
2853,0.004964607002485926
2854,0.0030304941585835342
2855,0.002881144770418316
2856,0.004243100584091504
2857,0.004647401202491314
2858,0.004499808499531355
2859,0.0049385873147305874
2860,0.0034671451785326345
2861,0.004063890933990941
2862,0.004994850512178216
2863,0.005438147755840974
2864,0.00410572125919215
2865,0.0064561722970716395
2866,0.004715935657013832
2867,0.003386586348376965
2868,0.005191429851471358
2869,0.005210026292294811
2870,0.006801746531732894
2871,0.004938067014986051
2872,0.0040105584755818
2873,0.00523159267363048
2874,0.0033000549790033673
2875,0.004949834345819591
2876,0.0038946499553853685
2877,0.004222387659879926
2878,0.004325828124401307
2879,0.005815122675336343
2880,0.004100762826373471
2881,0.003714599041164287
2882,0.004152590287424299
2883,0.0054445585621348104
2884,0.004653580488680052
2885,0.005262132348607771
2886,0.0030079375635342865
2887,0.0056674523007781575
2888,0.005221684265427665
2889,0.005126812977698772
2890,0.004195002574609437
2891,0.0038136445223894305
2892,0.0045714106249400335
2893,0.004629487481979017
2894,0.004681455897442657
2895,0.0034911593618975503
2896,0.004194020457304312
2897,0.005751811308044356
2898,0.004284485269246423
2899,0.005362833420515508
2900,0.004299390691090911
2901,0.0057871925294868615
2902,0.004900486402119795
2903,0.003776713047651962
2904,0.0052122373191297
2905,0.00412066327275141
2906,0.004620117304021112
2907,0.004664328417660842
2908,0.004175645445352458
2909,0.005058569788248167
2910,0.003218956638727197
2911,0.004170232260505492
2912,0.003922005864181315
2913,0.004992240281035987
2914,0.0043683105748006336
2915,0.005357264375705864
2916,0.0044262048415677985
2917,0.0041961841018328125
2918,0.004817183606064646
2919,0.0072869967478918765
2920,0.004939663008704046
2921,0.00490550312517573
2922,0.004970003620756971
2923,0.0044800510712241426
2924,0.005353335070327693
2925,0.004665130550179922
2926,0.003942276445510317
2927,0.00438925814581573
2928,0.0028352790188999654
2929,0.005311135252018825
2930,0.0038681300993919157
2931,0.004545673323769329
2932,0.004380630350732688
2933,0.004945196165545707
2934,0.005000905502028117
2935,0.004436912117117096
2936,0.005689195254648988
2937,0.004670162626026136
2938,0.005584084504493697
2939,0.004422715233741901
2940,0.005144543967501718
2941,0.005144392817682173
2942,0.0057143025470496565
2943,0.003925147247794066
2944,0.0051996871713079545
2945,0.00407967181967078
2946,0.005683730486496296
2947,0.0038776227087336814
2948,0.004911424831608735
2949,0.003666239407706714
2950,0.004680118977592515
2951,0.004758685751608388
2952,0.004287648969087361
2953,0.004712935624584567
2954,0.003813069499186
2955,0.004125649569369483
2956,0.004014297419561199
2957,0.00480217260666818
2958,0.004837577983654762
2959,0.00536131926538286
2960,0.0045311502537861955
2961,0.003032187796287915
2962,0.0046830512665254655
2963,0.00477524877270399
2964,0.004041302547799812
2965,0.0034707994929617384
2966,0.004592849132995258
2967,0.0049212215456622835
2968,0.005456233041123986
2969,0.006019897542472112
2970,0.005051625810059098
2971,0.004639667598172627
2972,0.0044400886098816365
2973,0.00514404287686274
2974,0.00450582356025402
2975,0.004085879292572841
2976,0.005625157832366226
2977,0.005314374013641287
2978,0.004277048570656916
2979,0.0033178341302176244
2980,0.004487880019806898
2981,0.004639935473639367
2982,0.004204858402353859
2983,0.004713169056303163
2984,0.004674358370331382
2985,0.0036782892150060637
2986,0.0032447943678620044
2987,0.004042718457004946
2988,0.006559939833153741
2989,0.003327080364720637
2990,0.005330625782147445
2991,0.004403997546822731
2992,0.004128161765991189
2993,0.00591470440324176
2994,0.004827704074751449
2995,0.0045252311043903265
2996,0.005085882521742615
2997,0.00596640889373717
2998,0.004588874451396155
2999,0.005137837375514209
3000,0.005235642787565233
3001,0.003876310102073365
3002,0.00456097486716721
3003,0.005289342230666773
3004,0.0035954057381339167
3005,0.005505513606309135
3006,0.0045339651004189995
3007,0.004568673154882697
3008,0.004913851922047177
3009,0.00421153745697839
3010,0.003884733874916232
3011,0.0040467069891111885
3012,0.0038442564421977353
3013,0.0054922109333029575
3014,0.004262250515557031
3015,0.004699916367306807
3016,0.00440506535218562
3017,0.005274808291846606
3018,0.005941305318744512
3019,0.005098455617414965
3020,0.004727620684871143
3021,0.00430523010979255
3022,0.0043968616567918424
3023,0.003760243639633353
3024,0.004757355166172299
3025,0.0036649765296758795
3026,0.005906774883485576
3027,0.003787682913089012
3028,0.0044139608731451774
3029,0.004354215174807616
3030,0.004241626821091077
3031,0.0042793013847022806
3032,0.003771445180078329
3033,0.0026960286061419913
3034,0.004180247817434036
3035,0.0043189991821626405
3036,0.003807987534090653
3037,0.0043740104461210735
3038,0.004377962608689106
3039,0.0033245380954111978
3040,0.0039027906548451735
3041,0.00502893735467787
3042,0.0031883199874769954
3043,0.004643450687725572
3044,0.004470984948143485
3045,0.004474885698621778
3046,0.002833412894139497
3047,0.004195710486249208
3048,0.005456415698207575
3049,0.004253796066093075
3050,0.004511035319078402
3051,0.004480381741554343
3052,0.004048019009970299
3053,0.004139538366813675
3054,0.005369930976759485
3055,0.004883187353120847
3056,0.00316527173916776
3057,0.003557034741225791
3058,0.004104306831337338
3059,0.005028305584952856
3060,0.0038077426020569714
3061,0.005181412977854341
3062,0.004957804166469797
3063,0.0038993360499767326
3064,0.00415881843911761
3065,0.002976023947017633
3066,0.003914371775127144
3067,0.003608870096892739
3068,0.004046020678028331
3069,0.004693628303241908
3070,0.004263415217648134
3071,0.004127648280267576
3072,0.003284143443456814
3073,0.002427562982466909
3074,0.004216380141726751
3075,0.004723767799684235
3076,0.004599277004066001
3077,0.004013056597643068
3078,0.004482491687725534
3079,0.0037665574699718807
3080,0.005218664019724072
3081,0.00443187285262476
3082,0.004018645715058526
3083,0.0027123756119094436
3084,0.004573568956633579
3085,0.0028152518558012423
3086,0.004103496163975612
3087,0.00376634062232615
3088,0.0026706197652004897
3089,0.0040823557369188326
3090,0.004841590112759843
3091,0.004160613280253037
3092,0.0035893430926195818
3093,0.004446972626066695
3094,0.004529288624297127
3095,0.003913494753515041
3096,0.004285854184196242
3097,0.0034544799819986875
3098,0.0036416156712047744
3099,0.00543413059425629
3100,0.004016064589594617
3101,0.0034700593149330143
3102,0.0037128836367397553
3103,0.004424914082356115
3104,0.004110327403886624
3105,0.0049290353127862405
3106,0.005461260897925332
3107,0.003986797774857786
3108,0.0037171034791032387
3109,0.005250382098893169
3110,0.004298852389385704
3111,0.0036104425467956822
3112,0.005075239303435424
3113,0.0038467051947500006
3114,0.004266830496543128
3115,0.003916118078609182
3116,0.004334024780132856
3117,0.00372915510709549
3118,0.003514097066120788
3119,0.00453653419990876
3120,0.005166371101488097
3121,0.0036139521241513274
3122,0.004510361740084057
3123,0.005542955374876906
3124,0.004885831344359931
3125,0.003937270822100958
3126,0.004428893921021159
3127,0.0031701483803483407
3128,0.004344102042234717
3129,0.0036572618933167263
3130,0.0037116777980589263
3131,0.00471627480360367
3132,0.005159656924314774
3133,0.0033383869850363156
3134,0.0027584627450345407
3135,0.004904556838901333
3136,0.004127849423624982
3137,0.005558523137999203
3138,0.002457933841281966
3139,0.004798405190769468
3140,0.00384042611865822
3141,0.0036426100969182452
3142,0.0032044501248968855
3143,0.005008703800523931
3144,0.004387912168149053
3145,0.0038156725804294675
3146,0.004025445082088626
3147,0.003989639415406614
3148,0.0055818922872219
3149,0.003700863025837212
3150,0.004081981838276584
3151,0.0025821215601195394
3152,0.005100196174824969
3153,0.0038099532368563354
3154,0.0032513178842251246
3155,0.003959715343842704
3156,0.004052258342343276
3157,0.004150874812723256
3158,0.0046961578215799936
3159,0.003906390372682677
3160,0.005389235773980054
3161,0.003713179638113601
3162,0.002655328075008352
3163,0.004844122104317186
3164,0.005011639534680557
3165,0.0040221598607338765
3166,0.003708751160004232
3167,0.004939354144476561
3168,0.005717833492651282
3169,0.004247476417846869
3170,0.004384957922397122
3171,0.0037029728156908063
3172,0.0035589607614672294
3173,0.00442227852926451
3174,0.005336610782135736
3175,0.003869594859434218
3176,0.00428356383261936
3177,0.00466879080057778
3178,0.005157675827326279
3179,0.004789985043605575
3180,0.0035398419521308305
3181,0.0037217204692766128
3182,0.00374762759695711
3183,0.004670293509878407
3184,0.005028269865602303
3185,0.004107736237139241
3186,0.005140340702050636
3187,0.0035570399466248797
3188,0.004379976015260336
3189,0.004153999960325319
3190,0.003733356346336742
3191,0.004314971082908054
3192,0.005545766116281609
3193,0.00408508262683874
3194,0.00384347424389691
3195,0.00504877251492756
3196,0.004524347328581839
3197,0.005467866017473473
3198,0.0038408648254675977
3199,0.00375034739917037
3200,0.00460663399367366
3201,0.004863242151519184
3202,0.0046056498882419885
3203,0.004673489694502519
3204,0.004469134281010603
3205,0.005604765748088655
3206,0.0034458052061728224
3207,0.0042871606382259555
3208,0.004908454054361394
3209,0.005756290974450022
3210,0.0050289421022402135
3211,0.005516423534399586
3212,0.0034104284304559106
3213,0.004687844009302873
3214,0.005465201441279893
3215,0.004047309843747552
3216,0.004372650565947258
3217,0.0038911509487546043
3218,0.005400833823221055
3219,0.003414780296023107
3220,0.004402396278815032
3221,0.005401155989977905
3222,0.0033110835640746657
3223,0.004050431161655098
3224,0.0039315735634845046
3225,0.004290937438724093
3226,0.0042076786981303325
3227,0.004872688875553967
3228,0.004480858656784726
3229,0.003788885570848213
3230,0.004784620475552473
3231,0.004550157146479164
3232,0.00521244919547739
3233,0.004073831574628241
3234,0.004884050523475116
3235,0.003986207283026214
3236,0.00426142719019452
3237,0.005376906470094885
3238,0.004641528775974866
3239,0.004536095717614646
3240,0.004872651329591578
3241,0.00477830712453209
3242,0.004875676187530478
3243,0.003924657894718361
3244,0.004442220735019498
3245,0.004040691956221949
3246,0.004681259813560968
3247,0.003892506715067337
3248,0.0037952261843043193
3249,0.004441993935220775
3250,0.003920121449597886
3251,0.003507770704879751
3252,0.0028489673503726306
3253,0.0055290848663028715
3254,0.0038930538714108506
3255,0.00358119650927764
3256,0.002756604945413225
3257,0.003792958679985041
3258,0.00362587049962063
3259,0.003848625756261985
3260,0.0035675002544603702
3261,0.0032663743931773334
3262,0.003987883713957022
3263,0.003469310266068316
3264,0.004348182562454086
3265,0.003659669853010518
3266,0.0032273255766619787
3267,0.004753994733243691
3268,0.004043077594461566
3269,0.005005404456564325
3270,0.004424859407865572
3271,0.004091769676470283
3272,0.0038892147032807797
3273,0.003736715933406404
3274,0.003621056665632216
3275,0.005143633391165326
3276,0.003695070316531374
3277,0.0044703868749950615
3278,0.004208856565344918
3279,0.003307974526424438
3280,0.005807144985276012
3281,0.0034237157851171175
3282,0.004141513481463624
3283,0.0037989696411098103
3284,0.003975631640175365
3285,0.004352772343057921
3286,0.003580971691830893
3287,0.004503002990300985
3288,0.004663939969701922
3289,0.004120215291290411
3290,0.005155608012183433
3291,0.004027400827648567
3292,0.0031777246390808454
3293,0.0034409591897865684
3294,0.0030047793288037017
3295,0.004566109389998019
3296,0.004253190049591164
3297,0.004333916768628692
3298,0.0052162606027975145
3299,0.0048873562011558245
3300,0.004947918846208643
3301,0.0036422778080916957
3302,0.00500283345097578
3303,0.004411339599640101
3304,0.003722922018058607
3305,0.004818114439706459
3306,0.004322227417206805
3307,0.0026795421736529705
3308,0.0037216011647644106
3309,0.0036470859142845877
3310,0.0043932994548023475
3311,0.003666632097837652
3312,0.0049666373799684355
3313,0.004286640165937281
3314,0.004514753756781815
3315,0.004679175295706724
3316,0.004487176593910489
3317,0.0038305569411484553
3318,0.004479219274452632
3319,0.0040450742380926386
3320,0.005572952760606616
3321,0.004756376719385679
3322,0.004310109238946415
3323,0.003207596698057531
3324,0.004316611129662118
3325,0.004158421216873519
3326,0.004723968084796243
3327,0.004138329454791447
3328,0.004661770517024764
3329,0.0038022800250069443
3330,0.0031745179981549475
3331,0.003664135817546464
3332,0.003673569970805335
3333,0.004219286089267818
3334,0.004598895103660494
3335,0.003912547918656538
3336,0.0056107296543828735
3337,0.004278908300225989
3338,0.004642835340500968
3339,0.0038685734154049506
3340,0.004625048475472362
3341,0.0050785840113738755
3342,0.005301876341065277
3343,0.004917584174686382
3344,0.004671699809160413
3345,0.0037332142297051927
3346,0.0027182580343789943
3347,0.00377415888809963
3348,0.005585796850937186
3349,0.004350021435952624
3350,0.0038816402081306837
3351,0.004017946511180886
3352,0.0033762702164711385
3353,0.004399155948184281
3354,0.004514262673991552
3355,0.004028741766858961
3356,0.005671892750378613
3357,0.0037446698608243696
3358,0.004117894794295093
3359,0.004030085579581773
3360,0.0034835758036183147
3361,0.004245077185808599
3362,0.0033290113295527317
3363,0.0033460401757601796
3364,0.004093383048351074
3365,0.004127687854056675
3366,0.004003716257174678
3367,0.005350227966811785
3368,0.004942007780517174
3369,0.0045981950771376776
3370,0.004745096168970497
3371,0.003772096200716785
3372,0.003239728402799561
3373,0.004333002409689399
3374,0.004494663610308808
3375,0.005037073947494805
3376,0.0044538198216041705
3377,0.003437827879737135
3378,0.003978315659864281
3379,0.003704563836147408
3380,0.004623439576313277
3381,0.0035473604006082972
3382,0.003398909751806983
3383,0.0049488012267656385
3384,0.0044929170722926275
3385,0.004771731381836054
3386,0.0034388784720032987
3387,0.003873766322540755
3388,0.004605674385640582
3389,0.0036384153573880977
3390,0.004929832514111666
3391,0.004884659561029698
3392,0.004246654601870216
3393,0.003978814669608255
3394,0.003684973893888084
3395,0.004406696771184215
3396,0.004521247573667631
3397,0.004888654037102473
3398,0.003283351464016873
3399,0.00397590165454266
3400,0.004132319599034778
3401,0.00476810469268775
3402,0.005351245184895575
3403,0.0037480187430259005
3404,0.004947921429982035
3405,0.0032484692464571537
3406,0.003954618052029261
3407,0.00461997038193716
3408,0.0031968818682741136
3409,0.003865836355775144
3410,0.005737379206991699
3411,0.0034353758161910623
3412,0.004204308454496814
3413,0.004328378652326859
3414,0.004716867418802207
3415,0.0039033382547333734
3416,0.004030152135364626
3417,0.0035564467092164763
3418,0.005403225212556584
3419,0.004268343357306015
3420,0.004036275799427088
3421,0.004765541921693107
3422,0.006407567390389944
3423,0.004576425707844984
3424,0.0038101732860100343
3425,0.0038962237817435786
3426,0.004467218163116495
3427,0.004552740817113469
3428,0.004832982231684062
3429,0.0034852218474072058
3430,0.004288399386178566
3431,0.005210135178501895
3432,0.00363541716528527
3433,0.004875472952537368
3434,0.003528261707302475
3435,0.005315136452289095
3436,0.004075725722710587
3437,0.0030681852282820423
3438,0.0034876148531024923
3439,0.004080584679271967
3440,0.0035890740572150598
3441,0.003173454871319423
3442,0.004215724065683649
3443,0.004158763475494371
3444,0.0036715627985171207
3445,0.004112436056438748
3446,0.003941018439310562
3447,0.0035540716927778067
3448,0.005108523076203363
3449,0.0039360638949137725
3450,0.004935830988624874
3451,0.0050477359119025685
3452,0.003169199530251688
3453,0.004423403873564287
3454,0.0031492466073576083
3455,0.004152695406042363
3456,0.004962445776318274
3457,0.004561649842741197
3458,0.0030439904436957836
3459,0.0032273556909266127
3460,0.0037389188403303417
3461,0.0044379574948892235
3462,0.002802469446159814
3463,0.004098601341129758
3464,0.0035181641984626554
3465,0.004167826670752783
3466,0.0041297261670392585
3467,0.0036898997275293657
3468,0.003951379461796023
3469,0.004809938917571257
3470,0.0035720895200880938
3471,0.003985921791888633
3472,0.003654840962265134
3473,0.004559656641446516
3474,0.004792904247941416
3475,0.0030279118783789545
3476,0.0033095205133808095
3477,0.0034842713447731165
3478,0.005023264942359501
3479,0.0036183364708059734
3480,0.004911727937319988
3481,0.004186093999455878
3482,0.0025165961191565395
3483,0.004713708560360366
3484,0.004409955150174302
3485,0.0034752777284002005
3486,0.003876990334353491
3487,0.005462887326252207
3488,0.005514441955754245
3489,0.0038388373481760187
3490,0.005086814630813601
3491,0.003780217646318118
3492,0.004657512424028172
3493,0.004682315735177355
3494,0.004085195123306697
3495,0.004094279954260278
3496,0.003983111772362867
3497,0.004031381851370771
3498,0.0038146578078758755
3499,0.004326429964647913
3500,0.005837260288293085
3501,0.004778174035487205
3502,0.0037800257775834614
3503,0.003686407514419804
3504,0.005020851684093941
3505,0.004254542468097209
3506,0.0034745538177380765
3507,0.004235704796017325
3508,0.002888881985748571
3509,0.0046921188796183
3510,0.004403562315726756
3511,0.004510263699009398
3512,0.0037019050001358017
3513,0.003858382030023402
3514,0.004476218771338204
3515,0.004153375483997118
3516,0.0037934631455711844
3517,0.003111326431526178
3518,0.004991525893909432
3519,0.004204546949444598
3520,0.004273518561401741
3521,0.004320254137657309
3522,0.0034214358234633453
3523,0.004642212177656355
3524,0.0038692707159844715
3525,0.004009976335567891
3526,0.0031273093561125396
3527,0.003876027352412671
3528,0.0026951081070162924
3529,0.005415731977192326
3530,0.0037355679973159798
3531,0.005089458173310887
3532,0.003954061859639339
3533,0.004649784851131872
3534,0.004004377784960005
3535,0.0034136214398174723
3536,0.0031573778000569697
3537,0.0036182779338213593
3538,0.005838966620811132
3539,0.0037215870995299027
3540,0.002953212608161497
3541,0.005027758084040778
3542,0.004574614909783815
3543,0.005113902653575347
3544,0.004325936640573976
3545,0.004442482023896735
3546,0.004925928135702316
3547,0.004511014846699139
3548,0.005451832787609116
3549,0.0045889130721791715
3550,0.004856048150349312
3551,0.0037212358664195535
3552,0.003608569939214725
3553,0.0034782410043662244
3554,0.0037479967523679427
3555,0.0038626885781836576
3556,0.004749012572978649
3557,0.005179168741932021
3558,0.003706703572716501
3559,0.004239479459866988
3560,0.0035189216123110365
3561,0.003745517864214009
3562,0.0042930356155141325
3563,0.00421345481865703
3564,0.004302621133926247
3565,0.004055954630328213
3566,0.004075103852041398
3567,0.004429576738142974
3568,0.0038363062322166533
3569,0.004931222467146452
3570,0.004000694171924214
3571,0.003101780226556695
3572,0.004771355029723574
3573,0.0031403014729712306
3574,0.005202836888259746
3575,0.003832033496961692
3576,0.003922439794930849
3577,0.0029509524549847276
3578,0.00388707775438513
3579,0.0044595295107033705
3580,0.0029375063436057804
3581,0.004229504485949061
3582,0.004111171979549533
3583,0.0033048424957664723
3584,0.004581625887646898
3585,0.0037327013507444736
3586,0.004168286171151853
3587,0.0046690363968601946
3588,0.003342001737023349
3589,0.003202187773341494
3590,0.00339067994230838
3591,0.002748071965008479
3592,0.0041060098002263755
3593,0.0033157212419898732
3594,0.003910212645663821
3595,0.0045285101346847125
3596,0.00421263490612286
3597,0.0029742907987845625
3598,0.004451136260993533
3599,0.003577567250330402
3600,0.0056472695436068105
3601,0.005317553426778879
3602,0.004011222956222131
3603,0.003771053615064519
3604,0.002882765593168433
3605,0.004597715360259393
3606,0.0036525772672561406
3607,0.004600532372211409
3608,0.0037907217599226104
3609,0.003324419414263777
3610,0.0037946606792083623
3611,0.004127783218358499
3612,0.0039371031642885
3613,0.004120396511545608
3614,0.004387891207789792
3615,0.004059021338882361
3616,0.004065601655297325
3617,0.0027584496736034496
3618,0.0024892762557433413
3619,0.0038455458683500413
3620,0.004937180914162632
3621,0.003959725472437669
3622,0.004099040076119035
3623,0.0033182226946496126
3624,0.003959243184114698
3625,0.004474734980624543
3626,0.004645610670512911
3627,0.0022078207845576494
3628,0.0036989759095636793
3629,0.005873920349369568
3630,0.0048482991737223025
3631,0.0025994855546626256
3632,0.003915868475093111
3633,0.0038812579684692162
3634,0.004275982060385609
3635,0.0041947216453240435
3636,0.004325331084507366
3637,0.005007439429478143
3638,0.003514856680571
3639,0.0042839480444118155
3640,0.00440289148918098
3641,0.0039775711559900265
3642,0.0033941254536445724
3643,0.003820104144699779
3644,0.0037877586860087745
3645,0.004406010847141881
3646,0.0033885699790733356
3647,0.004335792919196787
3648,0.003591054335773815
3649,0.004134021232323629
3650,0.005202084486044773
3651,0.003073534205459365
3652,0.00412621236630782
3653,0.003756110099077757
3654,0.003888013687607045
3655,0.005248934113340164
3656,0.004008957528207074
3657,0.0038700201647958554
3658,0.004191937154881464
3659,0.0037073975929796154
3660,0.00387017839036869
3661,0.0042333005266776864
3662,0.004177739368334721
3663,0.004824019478595194
3664,0.0039427000414261355
3665,0.00414785383292751
3666,0.003952805989626093
3667,0.0042209160920821075
3668,0.004149282941239468
3669,0.0028943351045156653
3670,0.005526158779315347
3671,0.0034452771026172698
3672,0.0039938860647366495
3673,0.00449531499307052
3674,0.0034988948649524467
3675,0.0038236398007910114
3676,0.0044518817037839204
3677,0.004257951180613692
3678,0.004512237476384533
3679,0.002658333033607397
3680,0.0035771144587973445
3681,0.0027700102777637927
3682,0.0033716679986860575
3683,0.003348062045367283
3684,0.004520352639138721
3685,0.003924778410273286
3686,0.0037517086368877373
3687,0.0038122318281758843
3688,0.0031200406838685184
3689,0.003158157899994717
3690,0.0027540919251069205
3691,0.003972537177769626
3692,0.003913296739252502
3693,0.0035337947775833383
3694,0.0026391812237898916
3695,0.003312433155409212
3696,0.003181240067143725
3697,0.003956308656583248
3698,0.004185002645254061
3699,0.003043926541645233
3700,0.0037757517680542412
3701,0.004017720444983478
3702,0.002280677884286094
3703,0.0041226331078856706
3704,0.0041709484223882475
3705,0.003291228665537866
3706,0.004088929813333957
3707,0.0037394514814271438
3708,0.004801965705256508
3709,0.00395500730946734
3710,0.0036640320199477997
3711,0.004499459437601405
3712,0.004183537063028549
3713,0.004471699755196737
3714,0.004373444548700862
3715,0.00372133021653373
3716,0.0033624845928566104
3717,0.004355340564524383
3718,0.0038576850739547
3719,0.004807139900737047
3720,0.0033853807654229476
3721,0.0036959015682990117
3722,0.003955603056619154
3723,0.003585081371547569
3724,0.003973008388476003
3725,0.003884598410993007
3726,0.0031521493029209695
3727,0.0028007428423041433
3728,0.003650267861563147
3729,0.004116262639385356
3730,0.0038656732434728404
3731,0.002691714818432783
3732,0.003909306083172966
3733,0.0034448188508533696
3734,0.004284981187949944
3735,0.0035250425926711786
3736,0.003172924492092635
3737,0.00351700527391499
3738,0.0034684000144937143
3739,0.004376143674721428
3740,0.003722299894607637
3741,0.003411518535560592
3742,0.004193709920299524
3743,0.003876603990647709
3744,0.004495782833795862
3745,0.004006996601501236
3746,0.004122184845434118
3747,0.0036144941597798146
3748,0.004612569557860889
3749,0.0032142401466285623
3750,0.003994664660860999
3751,0.003932912493404555
3752,0.004086031092377934
3753,0.0033862848515762755
3754,0.003907418487667908
3755,0.003907837348956419
3756,0.003802998178942953
3757,0.004765885042630428
3758,0.004429593903397391
3759,0.00471709736649202
3760,0.003402795044368961
3761,0.0031907362818379796
3762,0.005388155997472553
3763,0.0036011595478605218
3764,0.002652613267480139
3765,0.0037652536258743594
3766,0.004029800893419186
3767,0.0037636185726215546
3768,0.0044765853543515454
3769,0.004016011609651503
3770,0.004698123206455623
3771,0.003114931502418513
3772,0.003992784990837136
3773,0.0030550035694937427
3774,0.003425294716887745
3775,0.003392698512701798
3776,0.0037782448133738297
3777,0.0034651013570726804
3778,0.0027777930301078686
3779,0.003362098567502847
3780,0.003266110535482839
3781,0.0038599573050478717
3782,0.0037488631710908115
3783,0.004027409742804362
3784,0.002944968746190185
3785,0.004106607438607459
3786,0.003294667216063577
3787,0.004358804651091636
3788,0.0031654176836748357
3789,0.003744416556444429
3790,0.0034336503011304772
3791,0.004638563838463077
3792,0.004198541776401855
3793,0.003930569221073898
3794,0.00394849890330483
3795,0.003456968209421676
3796,0.0037629930749452406
3797,0.003957793647945408
3798,0.004185584794305171
3799,0.002707233124041638
3800,0.003936891020491621
3801,0.002785436203570469
3802,0.0048616314207243876
3803,0.004113653360873864
3804,0.0034207049463605343
3805,0.0029480311506400567
3806,0.003775491703963203
3807,0.004132465708405814
3808,0.0027049012361882005
3809,0.003345809946617847
3810,0.0037317938162203293
3811,0.003930297318942076
3812,0.0051853814405885285
3813,0.00388335748640303
3814,0.004077239490629475
3815,0.0032441577122737063
3816,0.0036885275004019534
3817,0.0038316587895909806
3818,0.003924484589376897
3819,0.003934183799823846
3820,0.0034126012647498604
3821,0.00316332648403731
3822,0.003606071813486605
3823,0.002813102235305696
3824,0.0034695298417073135
3825,0.0038566099725675673
3826,0.0039723604898585655
3827,0.0027338132234627477
3828,0.0033211671975478235
3829,0.0030482076924402335
3830,0.003775453240883681
3831,0.003143262365425933
3832,0.0034078476625244735
3833,0.004005237446483715
3834,0.002447458988229748
3835,0.0032907852901622563
3836,0.003094352870931967
3837,0.004206500089894111
3838,0.004576377888576918
3839,0.002887785040146564
3840,0.004136058140468935
3841,0.00326929673835929
3842,0.003193231330586723
3843,0.0032346598998138068
3844,0.0032741862324612504
3845,0.0037243155466779765
3846,0.004276411072096958
3847,0.0020134398690725137
3848,0.003724394637954122
3849,0.004372486679621654
3850,0.003916774930696683
3851,0.004455056500037678
3852,0.0039059964876778106
3853,0.0038912816773864463
3854,0.003908340530220552
3855,0.0040917330603290804
3856,0.0025218151324860093
3857,0.0038498420242773597
3858,0.002425493278808842
3859,0.0036967275003599565
3860,0.003516046248969071
3861,0.004350268264066212
3862,0.004862458131688144
3863,0.0027112599383967576
3864,0.004138794876953831
3865,0.002144309470572302
3866,0.0036009463097827162
3867,0.004263072551400419
3868,0.0036900257533517785
3869,0.004075375518917257
3870,0.0046093388784414395
3871,0.0029643906655976372
3872,0.003507904976498731
3873,0.0035871092443394157
3874,0.0033919656268572287
3875,0.00238613557066567
3876,0.0030114635735535846
3877,0.0034179024481249694
3878,0.0037077296354774652
3879,0.002236705587930619
3880,0.0032891664504570636
3881,0.004421391645813682
3882,0.003611608820233775
3883,0.002445473205409057
3884,0.004410807581561606
3885,0.003540512753961449
3886,0.00423976849168188
3887,0.00328887489469332
3888,0.002247883259105803
3889,0.0030876918581415093
3890,0.003371957327458187
3891,0.003705164347030361
3892,0.003918307716149785
3893,0.00350288764260883
3894,0.003967787117925048
3895,0.0026739704602126344
3896,0.0037279552633417696
3897,0.004073456513796128
3898,0.0025828237954440753
3899,0.0035717811531087917
3900,0.0028899321019014764
3901,0.002961020849975212
3902,0.0038651995454861278
3903,0.003965711371988402
3904,0.0026334337130214814
3905,0.0036661766986244835
3906,0.0034097274168281787
3907,0.003511097980951909
3908,0.002699192134247232
3909,0.0036070199543217544
3910,0.0029873238908337606
3911,0.0042468033414999285
3912,0.004665418399016499
3913,0.004266128907306305
3914,0.004273647777385093
3915,0.003543802935902412
3916,0.0032835860712068445
3917,0.002866502444949075
3918,0.0034734132565813884
3919,0.0038764751064133763
3920,0.0026468900272852303
3921,0.003809989141628316
3922,0.00335963197317647
3923,0.0033727680825644973
3924,0.004460430292214918
3925,0.003488641801278203
3926,0.003139774943621079
3927,0.003989639275777523
3928,0.003070318489219986
3929,0.0037483990651838084
3930,0.003967388063756516
3931,0.0028610222881460296
3932,0.004467323030454166
3933,0.003196604262744326
3934,0.003289418003410064
3935,0.0042909466639454
3936,0.004126696149811208
3937,0.003149418749700768
3938,0.003861733198896723
3939,0.0033222350538135432
3940,0.0034664063013411894
3941,0.0040032463217531105
3942,0.0034880928277065295
3943,0.004188706801147736
3944,0.0030198272072575203
3945,0.0027011027054940646
3946,0.003757359572484838
3947,0.0033577819786077025
3948,0.0031160066905974258
3949,0.0033069220709934137
3950,0.003716327880731172
3951,0.0043298655361309465
3952,0.0039096832229367304
3953,0.003406695414476359
3954,0.002640266713079034
3955,0.003249605628038158
3956,0.0030921266151135714
3957,0.0031903706587890776
3958,0.0044134833599003736
3959,0.003940238371046329
3960,0.004019941063869203
3961,0.0031157963764729046
3962,0.0036605625214251054
3963,0.003942854451278912
3964,0.0046794633919836045
3965,0.003252929723881636
3966,0.0026237216930779157
3967,0.0029634782419764505
3968,0.0032622259949719244
3969,0.0023078716268563376
3970,0.005077420326992907
3971,0.0032332192630646103
3972,0.0037211813528085173
3973,0.004040603394391909
3974,0.00248638989790971
3975,0.0027964610166640747
3976,0.0030251239952901543
3977,0.0036384832412064525
3978,0.0024916194630812184
3979,0.0032223828761960335
3980,0.004263869949754157
3981,0.0031179411808619673
3982,0.0035820752514516083
3983,0.003399540014455967
3984,0.0038064838022581256
3985,0.00396423373976653
3986,0.003886704322097117
3987,0.003949602007542992
3988,0.0034000455762575187
3989,0.0034378312734516508
3990,0.003702742436871631
3991,0.0035411984507744717
3992,0.003555540609730607
3993,0.004050842213877736
3994,0.0027277391872924037
3995,0.0032510322025267498
3996,0.004552819976933755
3997,0.003796339625252932
3998,0.00420627799798644
3999,0.003156570630149901
4000,0.0027668425338185716
4001,0.00312460879181994
4002,0.0032658601418324184
4003,0.004207865710798485
4004,0.00245973437285145
4005,0.0037642222743583956
4006,0.0037591790731687706
4007,0.003356561224444747
4008,0.0028273381754439064
4009,0.0038839224386705727
4010,0.0036408016982484638
4011,0.002906545638469406
4012,0.0038208365626309793
4013,0.002643849719803141
4014,0.0036453539453629802
4015,0.0031028907109257055
4016,0.003503584715092854
4017,0.0035579361595279935
4018,0.002358661387598471
4019,0.002989658621883127
4020,0.00459848684661824
4021,0.0026743964636619833
4022,0.002893001209327301
4023,0.003485908187045309
4024,0.003439866877756902
4025,0.004055228691868251
4026,0.0036648548777434157
4027,0.0030317191302610953
4028,0.0030605382303509118
4029,0.003333184513163389
4030,0.0023589210309543727
4031,0.0027213403793991476
4032,0.004071781318623199
4033,0.0035735839473278563
4034,0.004117406896266547
4035,0.0036566814725076603
4036,0.003213381504749469
4037,0.003805111161787026
4038,0.0030071949112757536
4039,0.0032701529931468292
4040,0.002684739747593763
4041,0.0026681496610330042
4042,0.002376629631047734
4043,0.0030382488873170036
4044,0.002995187565021398
4045,0.0031862216398751897
4046,0.0038730444401961803
4047,0.003464140633335023
4048,0.0035593456661791563
4049,0.0036336271721319506
4050,0.003274839327382829
4051,0.004399067984079934
4052,0.00423418090068726
4053,0.0034875315599030786
4054,0.0037501092100726617
4055,0.0040672052033649325
4056,0.004502786327585844
4057,0.004312083272539201
4058,0.003292224434560575
4059,0.004013746711857421
4060,0.002613326240472296
4061,0.00376499700703587
4062,0.0033078049480478973
4063,0.002607651062539339
4064,0.004069451504937393
4065,0.002761752555324208
4066,0.002682812157824325
4067,0.0029544135590734346
4068,0.003407954733004786
4069,0.0031207862645844997
4070,0.0025796626437185628
4071,0.0036705100368029284
4072,0.005196000685654802
4073,0.003506182114159899
4074,0.003937878235442368
4075,0.0036602578379282182
4076,0.0027034159915822944
4077,0.002793417178003842
4078,0.0031333337164329666
4079,0.0030624929041507478
4080,0.003004400972193772
4081,0.002851878402979642
4082,0.004942790586995663
4083,0.003142354695372642
4084,0.0037818113268590493
4085,0.0033010861312966822
4086,0.0031944614573379995
4087,0.003881910641731728
4088,0.003996919725082874
4089,0.003390854927443249
4090,0.003394205684127796
4091,0.002935777226772939
4092,0.0030358358516610995
4093,0.003423492648358834
4094,0.0039067332623484875
4095,0.004572320727761724
4096,0.0027305543236642344
4097,0.0029188897747695185
4098,0.002963207819116106
4099,0.002790389492085004
4100,0.0026423222139234735
4101,0.003893437564646962
4102,0.003127256854650258
4103,0.003417224122896432
4104,0.002614457119523736
4105,0.0026600582243681567
4106,0.0035175610713243564
4107,0.00354788294053934
4108,0.00414876336845549
4109,0.003925994361495776
4110,0.00305717797146783
4111,0.004196799265108504
4112,0.003107934620597267
4113,0.0032068969917923417
4114,0.0028131368291926468
4115,0.0032047185960682183
4116,0.0034348204834035614
4117,0.0032843137417489384
4118,0.003711292273677943
4119,0.003326964157572042
4120,0.0037494178585412946
4121,0.0027606600640519034
4122,0.002979591993362336
4123,0.0037225208797035665
4124,0.004438797131967029
4125,0.0034711243606579956
4126,0.003600169911228549
4127,0.002973140800537612
4128,0.0033687205254358966
4129,0.0038052245739862204
4130,0.0036941215373175627
4131,0.0027121514664204802
4132,0.004257203064861685
4133,0.0026374241667601007
4134,0.0029053495754995974
4135,0.003176103316599481
4136,0.003206687007944325
4137,0.0025952954140574013
4138,0.0034045469812034363
4139,0.0032486096573097352
4140,0.0034523464158169983
4141,0.0033323374312506835
4142,0.0038077249245982367
4143,0.0029140677448479453
4144,0.0038118223379743064
4145,0.002691024475054638
4146,0.00285257599898614
4147,0.00288044291205768
4148,0.003214972077099475
4149,0.0035147338244964237
4150,0.00333543702776845
4151,0.00319604873463201
4152,0.003891638753206251
4153,0.0038851356111413294
4154,0.0029856586070164913
4155,0.004425835974019257
4156,0.0028112241073228817
4157,0.003476245334327576
4158,0.00301025942023862
4159,0.0030833795305899537
4160,0.003041960860649678
4161,0.0026994156688733566
4162,0.003632285752477372
4163,0.0038284877040756066
4164,0.0027163688321865816
4165,0.004231453898336483
4166,0.0038502572784810105
4167,0.0026825862831693875
4168,0.003430212901447602
4169,0.0037556871237549266
4170,0.003994335030068806
4171,0.0029668269493817612
4172,0.0032943673376437453
4173,0.003791325546949843
4174,0.003905355709162356
4175,0.0032936839980100066
4176,0.004060730051851207
4177,0.002937931649602621
4178,0.0035802169031018227
4179,0.0032938487122645176
4180,0.003525631176353994
4181,0.0036043568821725555
4182,0.0037125545843284475
4183,0.003587739675634703
4184,0.0038134368773575667
4185,0.004151313191248355
4186,0.0030227082210157754
4187,0.003428909126500551
4188,0.004208904980721797
4189,0.003686714714098748
4190,0.004232125614599061
4191,0.0029736940946133387
4192,0.0028259208408440276
4193,0.004445930494555449
4194,0.003085651664785849
4195,0.003768277085328009
4196,0.004155918837886207
4197,0.003345224344460774
4198,0.003670724182383209
4199,0.003710596771097265
4200,0.003610194819639363
4201,0.003628408401449893
4202,0.003967554615507926
4203,0.0026159381421397457
4204,0.0033098512347293314
4205,0.0031063736893725395
4206,0.0028097227319478176
4207,0.004374577357728933
4208,0.0031387618052129197
4209,0.003664157963020631
4210,0.0028883250465913165
4211,0.003793963568265705
4212,0.003250551065912799
4213,0.0031776441586742524
4214,0.0030582367065699867
4215,0.0036343133460687814
4216,0.003557945610708206
4217,0.004918732965355351
4218,0.004362742434923781
4219,0.0039094047724719284
4220,0.0024731817096229256
4221,0.0026752884561920794
4222,0.0029031425338106355
4223,0.003984527657921139
4224,0.0034671280058290225
4225,0.003647201639978448
4226,0.003502064984844303
4227,0.003919042706969314
4228,0.0031842521076171017
4229,0.0033384874134623843
4230,0.003550287290607461
4231,0.004555882503255917
4232,0.0033253869063166407
4233,0.0031801543988718
4234,0.004081102792129275
4235,0.004488533595865611
4236,0.002854278654980128
4237,0.0030329719743421597
4238,0.003138675867087422
4239,0.0030232161882431394
4240,0.0035708470574126482
4241,0.003854418290425129
4242,0.003303560299663952
4243,0.0029674526401019343
4244,0.004278161129713269
4245,0.003898303775857794
4246,0.0029184534842132716
4247,0.002884303312644728
4248,0.004457846514202492
4249,0.003391985634585754
4250,0.004413610279106439
4251,0.0034348615769727434
4252,0.004093980175394025
4253,0.003421602126301935
4254,0.0035597349480725364
4255,0.003029065571599714
4256,0.0036950512974668987
4257,0.0034362035968649525
4258,0.0038945290227621584
4259,0.0032713633427481417
4260,0.003974698256368154
4261,0.003779695466200503
4262,0.0029295422111375495
4263,0.003470613484548974
4264,0.0033451050657608973
4265,0.002790852712692752
4266,0.004824021383105973
4267,0.003317993497942567
4268,0.002290740333606548
4269,0.004244942049678814
4270,0.003627843124882525
4271,0.003438477457945867
4272,0.003237516473399453
4273,0.003660685366441381
4274,0.003313583455781641
4275,0.0032675901958201495
4276,0.002488124346402603
4277,0.0032789789356251105
4278,0.003992973720458048
4279,0.0023157955563095
4280,0.003513934857885091
4281,0.003944496545926317
4282,0.004660979440005677
4283,0.0032126537768658995
4284,0.003826913140882324
4285,0.00468594164403695
4286,0.0035382343063709355
4287,0.002645094207735614
4288,0.003608108995461999
4289,0.003525660548124477
4290,0.0038199950538419505
4291,0.003552274246647444
4292,0.0038624413047352664
4293,0.002698744193092728
4294,0.004082242090329861
4295,0.003921312813396244
4296,0.004367131179779314
4297,0.004880197154956737
4298,0.004383949872539638
4299,0.0036908376134219692
4300,0.0037000665269304243
4301,0.003356922961785809
4302,0.002697493510548532
4303,0.0031739813701221016
4304,0.003178901130764095
4305,0.004242145794878958
4306,0.0035403407679358866
4307,0.0037746134738203155
4308,0.0031664729502818008
4309,0.0032841960393333075
4310,0.0031456268761036288
4311,0.0033759679173228853
4312,0.0036440830444917083
4313,0.0028715246791964294
4314,0.003972405916578109
4315,0.003663961177470998
4316,0.0034790165928637773
4317,0.003235499369140367
4318,0.0035366799691271605
4319,0.003771620030059398
4320,0.004008642096272929
4321,0.0031990374476923273
4322,0.003845447018113826
4323,0.002814291284165746
4324,0.003993924523716227
4325,0.003369977908386361
4326,0.0033647879304009535
4327,0.0022851171734579283
4328,0.0037982061905264372
4329,0.0034562512903773624
4330,0.0031576849079491304
4331,0.0038190742099744506
4332,0.0031622049141982905
4333,0.003989189741477031
4334,0.0027643317800885555
4335,0.003083369094730144
4336,0.005073923624415387
4337,0.0030414154974254966
4338,0.0033459927480079285
4339,0.004225410056639544
4340,0.00348427113391471
4341,0.003275950655012229
4342,0.004592550698910758
4343,0.0037350440756459386
4344,0.002861009007386793
4345,0.002994274164920503
4346,0.004006607770110898
4347,0.004394064516317384
4348,0.0036391146715888884
4349,0.0037646276780703503
4350,0.003824309707967572
4351,0.0025422242102823
4352,0.004499173961362214
4353,0.003148968261758989
4354,0.003848539902329711
4355,0.00323624441645936
4356,0.004027433100476166
4357,0.0039575121311553095
4358,0.0025908115849666673
4359,0.0030892767218675646
4360,0.0033512507580448912
4361,0.004230384964998054
4362,0.003816963896829365
4363,0.003282953567360805
4364,0.0035753144579108004
4365,0.0022717620880622048
4366,0.003171737156316383
4367,0.004772140595002658
4368,0.0030988335663370515
4369,0.002718454371331193
4370,0.0034920155438677675
4371,0.0033114960447525685
4372,0.002954342119794871
4373,0.004650633576458194
4374,0.002917677140402024
4375,0.0038531504518080815
4376,0.0029678900162195083
4377,0.002704645452352466
4378,0.003930439597579174
4379,0.0035174155540488076
4380,0.003327131492124098
4381,0.004107065865109834
4382,0.004020033574696364
4383,0.003335953910931176
4384,0.0038973739406390536
4385,0.0033949339709896964
4386,0.0034118670461923883
4387,0.0040433467433941255
4388,0.0035556087013757197
4389,0.004361044997148426
4390,0.00393476281989558
4391,0.0023426142410792796
4392,0.0037959005949521687
4393,0.0031353327726214453
4394,0.003579116817231157
4395,0.003403270885067445
4396,0.0040240459452939425
4397,0.003726998337365258
4398,0.0034848692595828437
4399,0.0023415907112177507
4400,0.003458051202912992
4401,0.003443016333524914
4402,0.003167646824294934
4403,0.003290378007347629
4404,0.003434456172683332
4405,0.0044271481472403845
4406,0.0032712410763726064
4407,0.0031632255042264687
4408,0.003654714411823079
4409,0.0037098149307620053
4410,0.0038213965324555626
4411,0.003867091493630719
4412,0.004089462817131471
4413,0.00368891941102375
4414,0.003196453985779838
4415,0.003361571224284865
4416,0.00344164004162026
4417,0.0024619390204616283
4418,0.0035624489820971603
4419,0.0035215040823834624
4420,0.0038764426244597416
4421,0.003284595511869402
4422,0.004077998717201851
4423,0.003675867447103854
4424,0.0039971594226713815
4425,0.0037678540273133427
4426,0.0029620730733551596
4427,0.0035889797745478555
4428,0.0037194264260751735
4429,0.003793770849629904
4430,0.0033594040395987647
4431,0.0035413283822847354
4432,0.00282149621743306
4433,0.0036874822924599154
4434,0.004494132813089804
4435,0.0034622349119181597
4436,0.0033335589669438795
4437,0.0036840585373630304
4438,0.004431701271916233
4439,0.00410320768868486
4440,0.00342189943763688
4441,0.0030190417331011432
4442,0.0032857088265281784
4443,0.004026048230275231
4444,0.0026165023556954806
4445,0.002947590898469253
4446,0.0035618207031571755
4447,0.004017037226384716
4448,0.0036926249708885157
4449,0.0031424659737529018
4450,0.003224392055378144
4451,0.004501758356618377
4452,0.003716584001339802
4453,0.0033006820784875243
4454,0.003841515983078843
4455,0.002941710347277833
4456,0.0031717409955389383
4457,0.0038384414618785885
4458,0.0025294412313549342
4459,0.003569928651568406
4460,0.003833315140380162
4461,0.002968435143148305
4462,0.004388690204428886
4463,0.0029446258096348693
4464,0.0035711552017245493
4465,0.0033177656940616934
4466,0.0032007263289992737
4467,0.004493710818750846
4468,0.003205326075470703
4469,0.0035073808456160356
4470,0.003743095223889834
4471,0.002393984383940863
4472,0.003775827519261622
4473,0.002972103613010693
4474,0.0045122998471636075
4475,0.0029002605410318617
4476,0.0031897989992724016
4477,0.0034220396375444365
4478,0.0035528859385406592
4479,0.0037810847255939964
4480,0.003591359038904239
4481,0.0031244029638141262
4482,0.003657658456566943
4483,0.003086698187135404
4484,0.003881483675372909
4485,0.0034296766838422857
4486,0.002676364941714657
4487,0.003734419848894634
4488,0.003452884762534975
4489,0.003678207178872692
4490,0.004956967385378592
4491,0.003758822325806481
4492,0.00349045951854408
4493,0.0030476540340469145
4494,0.0031372238028982086
4495,0.0040573009625534595
4496,0.0025814272314799757
4497,0.004089304348391514
4498,0.003328461367461372
4499,0.003708647740062415
4500,0.003319297067805781
4501,0.0029028636185796045
4502,0.003011012711361954
4503,0.0030920717246830003
4504,0.004126241934586904
4505,0.0037419394262426992
4506,0.004249587305879224
4507,0.002548034423983024
4508,0.004067760023428404
4509,0.0031508589538769604
4510,0.0033999558248661555
4511,0.0038859932946151174
4512,0.0029888540476450645
4513,0.0027054385198945446
4514,0.0035898979969917694
4515,0.003111597182757419
4516,0.0026431074693391565
4517,0.0037507107336418742
4518,0.0044450850395122195
4519,0.0035779004424439913
4520,0.003118753938011535
4521,0.00382844297356704
4522,0.003603285762928574
4523,0.0046168557751765805
4524,0.003880281693931292
4525,0.0026183868773394293
4526,0.004198233802122154
4527,0.0033133207308267067
4528,0.004384077138191002
4529,0.0028068300176990247
4530,0.0028124918807450393
4531,0.003635487252246267
4532,0.002305914630842236
4533,0.0034635075225528523
4534,0.0028454451693548997
4535,0.003517952696076088
4536,0.0031358103899528653
4537,0.00360407385458183
4538,0.0029742271860110727
4539,0.0021724190004504865
4540,0.0031586525230003254
4541,0.0037177889477918924
4542,0.003172944510417495
4543,0.0039430549839178436
4544,0.0036525447259399308
4545,0.0043711822654586285
4546,0.0027935794219841243
4547,0.002532666925126539
4548,0.003569917595346591
4549,0.0030259578102159717
4550,0.003391714407558856
4551,0.0029055109015543065
4552,0.002671426448715566
4553,0.003083590170602307
4554,0.0031356672400198434
4555,0.004090538471375892
4556,0.0023439111022785903
4557,0.0041814446203283125
4558,0.003190478999847925
4559,0.003236671772630495
4560,0.0027976893278040707
4561,0.0024837454430304377
4562,0.0034579057290910794
4563,0.002755613890056136
4564,0.0040066978380352905
4565,0.0024515245018731564
4566,0.002801356347527684
4567,0.0030842116489472413
4568,0.0033639286697189886
4569,0.0022311501694881977
4570,0.0030270552647596646
4571,0.005343098832536415
4572,0.003922939053096805
4573,0.0031834887927938587
4574,0.0034230081178571303
4575,0.0031603189241968
4576,0.0025858251771015126
4577,0.0031415469073845233
4578,0.0026377352166910275
4579,0.003158064820921041
4580,0.0032309666016699917
4581,0.003172815885750063
4582,0.003340269314076212
4583,0.003058637815619087
4584,0.0021873662183694133
4585,0.003061173083320711
4586,0.002182443095253326
4587,0.0023337551653625386
4588,0.0031868160424184883
4589,0.003322323823585831
4590,0.0030442489039290066
4591,0.002847259028573125
4592,0.0025391601774326917
4593,0.002640086922347398
4594,0.0024681330877582594
4595,0.004009116726390655
4596,0.0029273276281495033
4597,0.003282792766676432
4598,0.0029670998450282717
4599,0.003068695954887459
4600,0.0037692065505700793
4601,0.0030959734745082974
4602,0.0029426713339027687
4603,0.0025928190426052354
4604,0.0023459048966504355
4605,0.003883097170887234
4606,0.0038251920949343393
4607,0.0030334069419445265
4608,0.002893382055642885
4609,0.003034387217046479
4610,0.002719967712191791
4611,0.003931825714711782
4612,0.003101475346637825
4613,0.0032450000305418924
4614,0.002326362719262732
4615,0.002876037653001572
4616,0.0025630263521706515
4617,0.002828152941826071
4618,0.002862099666099456
4619,0.0034788050751746002
4620,0.003122096275922284
4621,0.003480767250169135
4622,0.0032093078993172624
4623,0.003782367550893613
4624,0.0036378980355890695
4625,0.002957797539281836
4626,0.002901947630258898
4627,0.003352064619292154
4628,0.0025277466229742876
4629,0.0028500312406062483
4630,0.0030278174922892098
4631,0.0021808579643668113
4632,0.003589448597700712
4633,0.003777505206161304
4634,0.0032548633579218794
4635,0.003131017986835638
4636,0.0020671372241474546
4637,0.002470212054172335
4638,0.002912359478686417
4639,0.0035206482936614306
4640,0.003029400458520589
4641,0.0038918774445760177
4642,0.0024198254677540963
4643,0.0028249961543469764
4644,0.003379031909663888
4645,0.0029300779920987904
4646,0.003108393320005797
4647,0.0021318421189327696
4648,0.0034400327762312602
4649,0.002708670101821467
4650,0.0026637117231393137
4651,0.003317328057799762
4652,0.00355352043270758
4653,0.003056575255796483
4654,0.0029094669581455593
4655,0.0034755737935252937
4656,0.0027496609713241
4657,0.0036027009969869157
4658,0.0026081170262408533
4659,0.0030158106186833704
4660,0.0030177881518962777
4661,0.0028613343451330104
4662,0.00294102754000166
4663,0.0029562312587268747
4664,0.003473556254441122
4665,0.003591076151462316
4666,0.0026944292695834375
4667,0.0027826452305672565
4668,0.003446655542777282
4669,0.0033166780372012577
4670,0.002161391038253131
4671,0.0027299904007425844
4672,0.0025882167912121595
4673,0.00239828142975822
4674,0.0022633723552095784
4675,0.0031306060409117473
4676,0.0035205769115511055
4677,0.0028877905375367615
4678,0.0029547687412675243
4679,0.003031436257919672
4680,0.002870656056493606
4681,0.0028849156810287647
4682,0.00306663707398536
4683,0.002544434936695209
4684,0.0023338011933013887
4685,0.002374278988489615
4686,0.002027981464452173
4687,0.002325838671909185
4688,0.00327766232337689
4689,0.002637079740423591
4690,0.0032269002337078933
4691,0.0034595791121463416
4692,0.003026569523157493
4693,0.002522768104441523
4694,0.0018400909561139074
4695,0.0031239007432073804
4696,0.002814320217011199
4697,0.003897365039977428
4698,0.0025404017757128237
4699,0.0022259117913996478
4700,0.0029891978829832554
4701,0.0036611783119345396
4702,0.0030810733825626176
4703,0.0026829219331996265
4704,0.003488405464200436
4705,0.002905584527056023
4706,0.0023531378874250795
4707,0.0026718763908739054
4708,0.003356567380655583
4709,0.0023587853802815688
4710,0.002923219925616563
4711,0.003079886951459302
4712,0.002470039044864178
4713,0.0025545514880153833
4714,0.002764315535329395
4715,0.002575823975983815
4716,0.0032084516126829722
4717,0.0028063018666476375
4718,0.002993163643449883
4719,0.002252695465964886
4720,0.00231893546356693
4721,0.002964111815388259
4722,0.002956243672896461
4723,0.0025014358180048893
4724,0.0028151987426965554
4725,0.002656917542365605
4726,0.003068293669731781
4727,0.0029241098432860797
4728,0.0026904640002439486
4729,0.002672079619457243
4730,0.003063106722558067
4731,0.002458654293034684
4732,0.0030386019193212547
4733,0.0036138093105003623
4734,0.0029162985299499558
4735,0.0023744265490677208
4736,0.0024522497108606213
4737,0.0030970284259392573
4738,0.002738018162817175
4739,0.002612996202024367
4740,0.002019568098307539
4741,0.003172609413706509
4742,0.003660174506039189
4743,0.0021385931444138618
4744,0.0027516728383950918
4745,0.003054986013156604
4746,0.004102292966784998
4747,0.002873631017820795
4748,0.003401031588192194
4749,0.0034104932836069362
4750,0.003374463859111688
4751,0.0022257141584030625
4752,0.002661321182723253
4753,0.003440048962753887
4754,0.0034833553095340326
4755,0.00318420427166053
4756,0.0019466960563029657
4757,0.0031690033875560087
4758,0.0029867409596460804
4759,0.002769430903710946
4760,0.002181928139959512
4761,0.0029208373502086263
4762,0.0032675272639550263
4763,0.002419211066490601
4764,0.0023052057378143737
4765,0.002661798475841467
4766,0.003226649600470583
4767,0.0029728235824136176
4768,0.002162261181284622
4769,0.002852310881222827
4770,0.003185655896433875
4771,0.0026357691554400684
4772,0.0032854115564236604
4773,0.002665481483760116
4774,0.0027431495541855432
4775,0.002463735957881288
4776,0.0031836006250130825
4777,0.0027672118249606613
4778,0.002862313621118942
4779,0.0026834679218096886
4780,0.002409811151549562
4781,0.0026662299111078953
4782,0.002759073803775079
4783,0.0020954727906283797
4784,0.003106848480485265
4785,0.0026496388843317243
4786,0.00223754846237647
4787,0.002269341132064472
4788,0.0027886046477111188
4789,0.002435346813327337
4790,0.0030246841871260023
4791,0.002544463227726131
4792,0.0023525778795749556
4793,0.0028376104401393112
4794,0.003115710461445685
4795,0.00335353150108454
4796,0.0030328017107551985
4797,0.002034752511636249
4798,0.003415515741272386
4799,0.0036484820128761283
4800,0.002974572554324238
4801,0.0031285845876511073
4802,0.003457092339943749
4803,0.0037407816028476983
4804,0.0026128755907270785
4805,0.002867265837873371
4806,0.0026604175302112247
4807,0.0025637275633464073
4808,0.0023101418354354026
4809,0.0032105682880466616
4810,0.0031615418098111165
4811,0.0022934907531649397
4812,0.0036031912943779764
4813,0.0026743912015566216
4814,0.002615859404498238
4815,0.0025808506743776397
4816,0.0021313460114585707
4817,0.004637611184282125
4818,0.0032358179612654364
4819,0.0035549059358013367
4820,0.002161689463704649
4821,0.002265822125847326
4822,0.002834289116868777
4823,0.002830909912893456
4824,0.0019529872143822205
4825,0.002759536207454475
4826,0.002209225393507661
4827,0.0026854112400051524
4828,0.0024727432637952178
4829,0.0025234025333269357
4830,0.0023632212902908027
4831,0.003080449616535343
4832,0.002556352677308337
4833,0.002640880808579072
4834,0.0026253344240681075
4835,0.0034780588638178805
4836,0.00315149014998511
4837,0.0025720228088233392
4838,0.0029201559024393587
4839,0.0029777891025924686
4840,0.0025457085251666344
4841,0.002820544426001669
4842,0.003309269246413365
4843,0.0032558089827482094
4844,0.001474552701106332
4845,0.0029062724233448363
4846,0.003375133061444291
4847,0.0021868140325779447
4848,0.0020471112997805154
4849,0.002311678451016113
4850,0.003371027561187807
4851,0.002622352452269138
4852,0.0025536921418409164
4853,0.0033299311680099297
4854,0.0025978631060247104
4855,0.0021806496128741106
4856,0.003240306810045103
4857,0.002549368812233008
4858,0.002581811043729965
4859,0.0023637692867764385
4860,0.0027129589723786226
4861,0.0030516507954633284
4862,0.002876166655701199
4863,0.0035943602026294224
4864,0.0028860908576115478
4865,0.0030354279355205584
4866,0.0029038136143797254
4867,0.002139242327959639
4868,0.0027236801472013
4869,0.0030449993884383094
4870,0.001963414461421226
4871,0.0032914885998165814
4872,0.0030136802907647854
4873,0.0026916161974469784
4874,0.0028177832128488856
4875,0.003817334038709911
4876,0.0027344468880838822
4877,0.0036461419599834784
4878,0.002290953478540547
4879,0.0029981037871962936
4880,0.0026031997220429945
4881,0.0025786150526982965
4882,0.003090680691457237
4883,0.001908537355149516
4884,0.002329804968024883
4885,0.002949850124365646
4886,0.004371343462509454
4887,0.002386209863072422
4888,0.0027903715407961815
4889,0.0027659770996020625
4890,0.0023233189858440292
4891,0.0032330998424258146
4892,0.0025635333673158633
4893,0.002139604754813176
4894,0.0024955830046983754
4895,0.0030285496822404045
4896,0.003391122835594052
4897,0.003450027497617864
4898,0.003398103052469586
4899,0.0032159985301058484
4900,0.00301739211546004
4901,0.002905878406391056
4902,0.0020267547095875397
4903,0.0026897366605269433
4904,0.003109739894560854
4905,0.0026469325734473793
4906,0.0018132468458567192
4907,0.0027699845731336925
4908,0.0025558956943039822
4909,0.0030616174304986276
4910,0.0020938945140404116
4911,0.0034665809751401417
4912,0.0027373495187988277
4913,0.0024386841713936835
4914,0.0025203457110090687
4915,0.0025230014962289715
4916,0.0028500760819288045
4917,0.002863234001404
4918,0.0030399471781983886
4919,0.0035824716153059393
4920,0.002454403275444906
4921,0.002786974711997327
4922,0.0023626320177884607
4923,0.003697787636545919
4924,0.0024384890384969785
4925,0.003670956056180691
4926,0.001965728083098564
4927,0.0033159764933236783
4928,0.0035774549889451704
4929,0.002916414865611596
4930,0.0032969047648033927
4931,0.003424268027701478
4932,0.002096905000086288
4933,0.0030114092969886277
4934,0.0028999405272655183
4935,0.0018302017208389728
4936,0.002565424134474366
4937,0.0026346349880311338
4938,0.0027860701665636113
4939,0.002842810363088372
4940,0.002944270890385803
4941,0.0028105739825222704
4942,0.003090336177809236
4943,0.002078602296225856
4944,0.0030628166393673007
4945,0.002514215236996755
4946,0.002816704776849956
4947,0.0019336518987348962
4948,0.0022521569761242036
4949,0.0020975161918440357
4950,0.0024001619633400835
4951,0.002580638074938352
4952,0.002061531604224925
4953,0.0028203538175090677
4954,0.002682696974449163
4955,0.0029547706477705293
4956,0.0019610595669031943
4957,0.0028178192327080374
4958,0.0025699365176565367
4959,0.0036680497552359676
4960,0.002829100202876679
4961,0.0026006188088233883
4962,0.003946127547972119
4963,0.0027864459492457894
4964,0.00233855322674947
4965,0.0024109324783946956
4966,0.0026131162056925758
4967,0.0028146147755222276
4968,0.0022790161471228144
4969,0.003123875868209686
4970,0.0021303707611271725
4971,0.0033117254229543345
4972,0.0029419259807914456
4973,0.0037608543012856177
4974,0.0027598850442050855
4975,0.0024869686247199303
4976,0.0032622133673165022
4977,0.0029903333909585073
4978,0.0038707751790796117
4979,0.003023384059887908
4980,0.0028253335519929394
4981,0.002728888838112378
4982,0.002202247586995197
4983,0.002138775909655138
4984,0.002553573376904491
4985,0.0034300756099597375
4986,0.0019004697750215345
4987,0.0037064643198853387
4988,0.002341782873242794
4989,0.0020017368374066705
4990,0.002980644333013241
4991,0.0019067263441222226
4992,0.003182702016529797
4993,0.0028597341481347233
4994,0.0034611604372739315
4995,0.003126124208234066
4996,0.003693850203143527
4997,0.002580474751431168
4998,0.003320493829556249
4999,0.0024410263098876123
5000,0.00331448654071123
