episode,episode_reward
1,-0.5623092398790889
2,0.5378967303324521
3,-0.9875308147956594
4,0.0003947636337976457
5,0.08325167186569529
6,0.01197717069044489
7,-0.38856317400038437
8,1.2034400013694233
9,1.0124168273596938
10,-0.9595726519059454
11,2.579992578679739
12,0.3851507482433736
13,-1.7942914119200244
14,0.469572453745232
15,-0.1016432075612719
16,0.34014582109475855
17,0.303868078907085
18,1.2190892391275288
19,-0.2283820503082911
20,0.24111486496041637
21,0.6500257563604991
22,-0.5881152802846946
23,0.8156968550110297
24,1.9462073679159255
25,4.3168350066169765
26,-0.3232317064918118
27,-0.2509326490809685
28,1.216370710866827
29,2.4197647048211137
30,1.3408948719548124
31,0.6098937610932934
32,0.5227680504136348
33,2.7290667313155517
34,1.8211782114962318
35,-0.07728134740671455
36,4.4876266604631185
37,0.19358640248179734
38,1.319310442962797
39,-0.29106688951231785
40,4.075875748147528
41,3.351978139440547
42,5.450297574709985
43,4.280726794567337
44,2.1370983635852823
45,0.6655739417175525
46,0.6352431998638207
47,3.78638922884074
48,4.758896805179336
49,5.231055834491048
50,1.2366344240793867
51,0.723635784970357
52,-0.3000487208116012
53,0.7097810353261186
54,3.706071270552893
55,0.6442108850385987
56,0.7385525883438376
57,3.686154355162462
58,4.155455216964229
59,0.7091230696665283
60,0.6735933375540759
61,2.365746029662833
62,6.225842202253322
63,1.1026854251523979
64,2.6177844594753656
65,0.030972388499086838
66,-0.16699473539861787
67,2.613657206731026
68,1.9643636488155034
69,0.5894866314579659
70,0.937348457760848
71,1.0404217263114175
72,1.1037422085975772
73,2.5107754243512046
74,1.0942403167208201
75,0.35922374041512656
76,1.06649961552877
77,1.1538057320442778
78,0.9097337570134306
79,1.0279078548315015
80,4.184047953360645
81,-0.10047859001517222
82,5.539716506175247
83,1.731783599242907
84,0.6310903349856185
85,1.4318168482103875
86,4.1849258431159955
87,2.4230043640139716
88,6.870371576841983
89,1.5089910116251914
90,5.879099627581913
91,1.8495580331269894
92,4.5149822218969735
93,1.4611878845823931
94,5.621629922415203
95,1.068493325413217
96,4.654347860614752
97,1.7261413173998688
98,4.794550997498328
99,1.2497439269922668
100,-0.2731526427029481
101,3.635236256948902
102,0.8874317875084202
103,1.4072002979117992
104,5.163309278017202
105,0.02057913190373417
106,0.5672859832103352
107,0.8359357993782468
108,1.5203740250939248
109,7.409459848654095
110,6.059481397993908
111,6.975602009839783
112,0.850535693133044
113,0.6405023084022602
114,3.9560933356877177
115,0.19178111262123024
116,0.9148634712843968
117,6.091260971920801
118,0.45004935650884315
119,1.8500355584181511
120,1.7986608387015632
121,1.9150020576827895
122,3.449005525358032
123,3.494198005711247
124,3.686310310843683
125,6.4886687193260055
126,1.6293620293255715
127,6.1976992803255815
128,4.58186741339332
129,4.5733711639841745
130,1.278510867234804
131,4.137130209636375
132,0.893047000520244
133,7.8772190805000655
134,1.0669680509770492
135,7.073893292530865
136,3.506173791599428
137,3.4295710547276763
138,1.0944999247225082
139,6.886379668986212
140,6.550386884500905
141,5.012049122741931
142,1.7146005816501497
143,0.6837958197051897
144,0.14633466471475096
145,3.8655648562910696
146,1.7452978310894247
147,1.3860192872262136
148,1.113531613633799
149,0.6461942828051376
150,4.9508942502373205
151,5.021589921475264
152,4.084955732417217
153,1.2359957187128097
154,1.130831742731111
155,6.3896445875359
156,1.2331244856102477
157,1.269805939035576
158,0.1953735028214342
159,1.017886898520298
160,1.2840504395583936
161,0.5598858852922962
162,7.662120766408913
163,2.8443851476218964
164,2.386191195309406
165,0.6084489540431641
166,7.020307958216901
167,8.169516315321303
168,1.3634001462686995
169,1.0713110677966549
170,-0.07144123575205454
171,1.25529296058035
172,-0.15204869929108805
173,4.861455168391397
174,6.484704659276919
175,8.335185486356874
176,3.3790672868827856
177,1.1240374217946734
178,7.09236755940128
179,1.5522943781050893
180,1.1161639932851033
181,1.289577548125901
182,5.690935289739027
183,5.254406376188027
184,6.7763177474558995
185,1.4806534155796407
186,7.460412277577975
187,2.4899463822224157
188,2.335597157086199
189,1.0305673447925827
190,6.6478119791939205
191,0.5594304142301663
192,2.352581624211717
193,7.6060309136424715
194,2.3724692846828854
195,7.454975973122799
196,6.556809862467697
197,5.4372569290712
198,7.094663207392088
199,2.065787231601046
200,7.851001536358038
201,6.36862711706207
202,5.597175851990507
203,6.12280493698772
204,6.807844906839615
205,0.9400817251919314
206,1.9057039822980957
207,6.940574588040109
208,1.2568542900717754
209,0.5792075205584549
210,6.1194758713424005
211,3.1980008687696566
212,1.0093356599564205
213,1.336031110570504
214,1.7816987264137407
215,8.217508592964395
216,1.6860252713950852
217,1.2154038296264664
218,8.5336426506536
219,2.0649019653418357
220,8.118659049220996
221,5.866223911393219
222,0.6647888078162099
223,7.354349608216165
224,1.6462778087647438
225,3.6771999179942414
226,7.655281746896544
227,5.950295723307802
228,3.671198706349225
229,6.577142492752169
230,0.3649878423342275
231,0.9775266217096416
232,1.7157004588237859
233,1.051401083523189
234,5.183138734518901
235,0.5852982271671242
236,2.1674984563399087
237,3.7362550171670317
238,1.7113727285589118
239,1.944301349792141
240,6.997603427348703
241,1.0554413104487472
242,1.090283976673798
243,9.006519265931605
244,0.8910855322120346
245,5.98585744312035
246,1.2066584030574568
247,7.9432170877845785
248,1.4558238710016762
249,0.3707445546327653
250,5.347061954192771
251,0.5939814950431844
252,0.6705366511939759
253,1.3904076915144157
254,0.5346882321009223
255,1.0339225393070193
256,2.2396314488039235
257,5.972823478488379
258,-0.0024011986920848168
259,1.0698115628864429
260,6.647262093793571
261,1.348742933992397
262,8.060232923841607
263,0.7163687371119938
264,5.704243915746902
265,8.30227497860373
266,5.382669631441887
267,3.54704124998077
268,0.9439628696146863
269,1.4448704294456902
270,-0.060478163081618554
271,0.7569200762244274
272,2.2541988372247896
273,5.977423409900336
274,0.10576158153408276
275,1.202710665321094
276,0.6405618326708422
277,7.67822331032872
278,1.2002918055813303
279,1.6443892026366207
280,0.39616266504246683
281,5.232283004880828
282,2.051470856006114
283,0.29100940959173704
284,1.2669761671971753
285,1.7933992056356072
286,1.062111772349552
287,8.438059119959071
288,1.210834534144886
289,0.3033352067103276
290,1.5419924720112412
291,0.7340502657640727
292,5.140612770163709
293,0.7990611949640942
294,2.016887454364543
295,1.2463411216582823
296,2.0578686161194044
297,0.0024344775422924167
298,-0.11938521205618838
299,8.304717876637152
300,8.061408528442929
301,-0.08575924899890286
302,1.300857172268699
303,1.0869495090063717
304,2.954852538375859
305,7.768392843288282
306,1.5934570153620955
307,7.470586194756348
308,1.3905320764433169
309,3.5679752267951037
310,1.1477357912613617
311,1.2194045055901146
312,8.61423435826603
313,2.337805524162284
314,-0.47711909779787953
315,4.778447471864337
316,8.908965319288763
317,2.2246255653769467
318,7.86479880291063
319,9.211730284048857
320,8.965809507879973
321,0.6297114134609604
322,3.0892185796649927
323,0.5376620255516426
324,0.12894015299360168
325,9.661280622424236
326,6.92292062195364
327,7.89066431297359
328,1.1499785313186695
329,8.146365587661656
330,3.0646752497598024
331,4.075927581712825
332,9.027813883030788
333,0.8616695023534265
334,1.755876614508789
335,6.0823852891379255
336,8.455810332635279
337,8.472744576776709
338,3.471946139511747
339,7.912345361560715
340,0.14841425077905163
341,1.4381049971093962
342,0.919282581923676
343,6.801375638820069
344,1.276682205308379
345,1.6237137450720287
346,1.7025721552423905
347,1.1903468801358152
348,6.236922322791009
349,1.3058518063847313
350,7.195384136576507
351,7.163718557083977
352,1.1856976709019014
353,2.2416884643879404
354,5.718456670176846
355,8.580611245263478
356,7.345821168966679
357,9.474362782320313
358,8.841172974978328
359,1.956404243536185
360,9.001565160896233
361,8.50979555584473
362,6.211194940107239
363,1.4975077075706058
364,6.941455943788668
365,1.294979983187394
366,1.1167537982224574
367,0.7414106985140778
368,1.392916207210063
369,1.2689040478649254
370,7.434800265007266
371,1.1294974015322963
372,6.987635049428842
373,1.6344592414943364
374,4.661627188456175
375,1.1638175346425743
376,2.0748563847693093
377,7.68036746151764
378,4.943312789065741
379,0.7688224687069052
380,1.684030716303445
381,1.8361550900361472
382,1.208173422836813
383,1.1493591516692558
384,0.025336366963428253
385,7.357912268085966
386,1.2387581692550227
387,0.27485040624221496
388,0.8446456098638312
389,7.486324595068612
390,9.308536924700634
391,1.4182356043437574
392,6.553614202630078
393,8.341760839119944
394,6.849513920597069
395,3.8665748932132162
396,7.673994655974266
397,1.8827244044263807
398,0.6538826924934515
399,3.4811694927888857
400,3.0834824531192324
401,1.18482517762194
402,8.587338371816898
403,1.069344133998837
404,0.39882469229200573
405,1.8784210793352114
406,8.675348621253914
407,7.9263515661682105
408,0.044779911643561834
409,10.118820655757723
410,4.880612337755332
411,9.552133425560523
412,1.4820143305901414
413,8.7833869441906
414,1.2331112052962496
415,1.334074249135543
416,0.6002512054301453
417,1.204818290516006
418,1.1792704320347
419,6.9213379904221295
420,8.802047560803942
421,8.498619156692662
422,0.8069384746902089
423,1.0385943416541221
424,1.683162572465021
425,1.2136863282715777
426,0.4640718041138157
427,-0.16000281605385774
428,8.0155231334214
429,0.8228475711160695
430,1.191938249629879
431,1.249994597439522
432,1.5511585846658276
433,0.801425127600174
434,7.631354680910643
435,4.8497111180123955
436,1.0353784197780869
437,8.355696313259658
438,8.222671739877025
439,3.2616221031387225
440,-0.11869779103205474
441,1.3194829761505509
442,8.30100461954301
443,7.258205874615465
444,1.1831363640202583
445,3.7422769152133486
446,8.854797275331807
447,8.687147126077951
448,1.6795790674662323
449,1.01522215961738
450,8.690843913123578
451,8.53799889623791
452,3.6681170227566153
453,-0.3890746792465886
454,0.8318549439623987
455,1.3447159735067533
456,1.5925588542326852
457,8.495393995133329
458,8.551273143480556
459,7.21509010167067
460,1.3231000713905698
461,1.3316398495872521
462,7.934772608182407
463,6.909664170955372
464,3.889830479480707
465,8.580807982390018
466,1.6719544664073445
467,9.573252312907456
468,1.4907195349849398
469,8.548746608878714
470,1.4243065422841665
471,8.209840632950465
472,7.5463684644116125
473,0.9076461633195473
474,1.3051662649593652
475,3.7585490370269885
476,1.1045897160518592
477,8.512439802976116
478,0.6704327714080565
479,1.0199854543375877
480,1.2059660265529784
481,0.9761156971345901
482,0.39086276114990137
483,8.47019237369498
484,2.8396972167782626
485,7.539345930260184
486,-0.27735451119504084
487,1.3615560325853753
488,1.2372918294170696
489,2.330462790606832
490,6.817698776141978
491,4.212817968963349
492,7.910618297657964
493,1.5074983575130667
494,6.840394487440373
495,1.5939442208673407
496,1.068979376709799
497,1.393310127299308
498,1.4616869258836667
499,1.3302355496947877
500,8.782096450770858
501,7.585203242268568
502,0.9556522742914105
503,1.2947495345952553
504,1.5158370877812306
505,1.0987156696648854
506,1.4224834317161879
507,0.9196238793157219
508,9.814227877345479
509,1.2329229985642207
510,0.12242446429694942
511,5.45063247291469
512,6.649433192910099
513,0.8469595932124018
514,1.5161025560334043
515,3.554223394820121
516,2.0959410910927208
517,0.8132402806925803
518,5.451561663098521
519,1.2353542721699067
520,0.8939309085341234
521,1.0730163937763402
522,-0.26008732849428856
523,8.490209095764566
524,4.951951023878906
525,0.848765546858142
526,8.526069879312622
527,1.1235652483574061
528,1.020562472746063
529,7.941335993917594
530,3.2055136684526
531,8.595050675659458
532,1.2430411931987406
533,8.743278637938968
534,-0.2236686541060903
535,1.5705565409973226
536,6.3800922851061
537,9.003584634831574
538,1.2757689816051427
539,0.5142800123831269
540,8.869265793640116
541,1.4309194149379738
542,1.2571614790756198
543,0.21975159597046534
544,7.171091207385543
545,8.708872388506643
546,0.5824956924481376
547,2.193843713312231
548,3.177900602712819
549,-0.02032031159133565
550,1.4315197621879925
551,5.757480542578022
552,4.085759423973824
553,7.907279175960215
554,9.301510512945477
555,8.191712067470922
556,0.2681878923266223
557,6.807969145280229
558,1.0919318057473204
559,0.9213127401921807
560,1.2876226874271661
561,-0.09404942835400198
562,1.0636984630580955
563,1.0593077818168952
564,7.428088810851723
565,7.357072870156563
566,1.8989660403663635
567,7.4088785311605605
568,1.7132770268812434
569,6.23936464406161
570,8.058279543283986
571,1.4974576712768257
572,8.403813618409743
573,7.405045726148641
574,1.2715864180788155
575,4.670430184120945
576,1.2194245107199437
577,0.857256582087205
578,7.906016660020133
579,0.8556650234202187
580,1.6447626284593888
581,7.428960948599147
582,1.4494138055058245
583,2.0940574204098388
584,6.93354561650194
585,6.113422407013627
586,0.6651257653019653
587,8.370037742114494
588,1.3837607269916443
589,1.1732642709301664
590,1.6959262744232249
591,5.486093694493831
592,1.0852508617328556
593,8.277381221796395
594,0.827824783141503
595,1.0111302324493592
596,7.4537272785138216
597,8.110836128397136
598,8.233896111513639
599,9.206703452600415
600,0.9981861814511283
601,1.212386447910577
602,1.8739833369942933
603,0.8360468726768858
604,2.6472214926959707
605,0.06339313024706869
606,0.4057147377069051
607,5.803410618272847
608,6.996746170218076
609,8.156175561262247
610,1.9711382724795796
611,1.617444096220765
612,0.739611269445355
613,1.1264774168301819
614,-0.34830258990539603
615,1.325703150904653
616,1.5493192498274595
617,8.144233618566023
618,-0.04286257663936029
619,0.06842407570733723
620,1.7126255885945751
621,7.513693317634672
622,6.2693465773689425
623,8.106778936335147
624,8.429741396831874
625,2.928944632144802
626,3.9739711690976725
627,7.673151101635367
628,1.1289435702043846
629,1.0137601593135939
630,8.063445191902687
631,6.763714309640681
632,6.544441521091132
633,7.71934917780006
634,-0.2299768797630574
635,1.0212048195457064
636,6.173222444441133
637,6.962330140044846
638,8.917919592132172
639,7.622991869525379
640,9.168100905350387
641,7.496084374042309
642,0.901112026623138
643,8.317318032348119
644,8.560639930973887
645,6.081654853228462
646,-0.018271450619783136
647,1.1864486487350299
648,8.72602505317581
649,0.9607414903734927
650,5.632945560341545
651,8.800269363248614
652,8.146044205585929
653,0.37944694124920575
654,1.593607870924773
655,9.573262396593513
656,6.817322415693699
657,9.369039574805191
658,1.0690986143507661
659,-0.13868366654692282
660,0.3911470911013035
661,8.49308243353606
662,8.728281350324325
663,1.1038161824841315
664,6.419548538531978
665,0.31742102272576833
666,0.6541302460289952
667,5.883140363038661
668,0.46644605018559787
669,1.0274798985450897
670,0.3887184535038383
671,1.6509626581915202
672,8.59529511267308
673,1.2813621019192842
674,1.3576765904571346
675,-0.42529591774161396
676,9.28108445200965
677,1.6756359026973318
678,8.007782011839671
679,3.207846733707136
680,0.8773002339911394
681,7.596150266983441
682,1.0169697918251666
683,-0.37141482547985516
684,-0.4990763047164046
685,0.6372340325893092
686,8.88490043431163
687,0.9121210639265899
688,0.4276606393986508
689,4.271308612308251
690,0.11773413951707046
691,5.593572806677094
692,0.8641581270161601
693,1.2745795483946234
694,0.46930756429044096
695,1.238531663072012
696,4.733894222324192
697,8.311663210041093
698,1.166322544173942
699,1.7377316884504281
700,1.4600986935175557
701,2.7035358862486225
702,9.274721816378857
703,9.987819439431481
704,3.547808511592031
705,-0.22235363291071003
706,3.306938189152452
707,0.9846877696123147
708,1.5705060934307593
709,8.753624844438404
710,0.8044544629366667
711,0.9835184699027784
712,1.6087092269123962
713,2.1431760835835783
714,2.822871182439835
715,5.928537718797972
716,8.973352023980706
717,9.097193158712916
718,1.2406140771572531
719,9.328219764889718
720,1.2893429664868936
721,7.918389070554786
722,8.785966711004864
723,7.882367366785676
724,7.962684124575891
725,1.4651979171808789
726,8.543109990763787
727,1.173301436729436
728,6.278889360745628
729,2.870930479134485
730,0.34134795379351673
731,8.216236445186352
732,8.232973139755002
733,8.749730286062817
734,8.009813514863003
735,8.03978203261731
736,8.786110822824854
737,8.970977590065653
738,7.334859206706661
739,8.90938073124661
740,0.6917562875583285
741,6.671458369882622
742,6.061201992425073
743,8.729615604846682
744,0.40453919651706793
745,5.947041316211474
746,3.400531978785177
747,2.532015609392484
748,-0.03995216951429582
749,0.0468689604529225
750,6.6815433395621255
751,4.014826758478102
752,8.27849785424111
753,9.592934960163053
754,1.1908384403921903
755,5.466662762035564
756,1.0565888112927102
757,2.11008064848086
758,0.3606610286134233
759,1.6594274972122596
760,1.1957097940409516
761,8.380922761773443
762,1.0103232190709266
763,1.48587642954446
764,2.4131041190964355
765,4.416574137380755
766,7.608219907825658
767,1.502747232613785
768,0.6214599030743891
769,0.6559765191827355
770,9.070621130752174
771,1.5632083288620116
772,1.0605813541940858
773,8.516437140917521
774,1.1455551222614522
775,9.698263390760117
776,5.6884386300565195
777,8.954154503348482
778,7.869478499636716
779,0.9026449148004518
780,10.004073618921847
781,-0.18103379353371973
782,7.074750896734928
783,1.4224288113663222
784,8.126762242350576
785,0.6148074003129518
786,1.1809741011702763
787,7.3149617649349725
788,1.2398112242585138
789,1.3176062865325275
790,8.024324923490818
791,0.3092283597762865
792,7.080934649731221
793,7.679108393736656
794,1.0953133460556266
795,1.4004304690090505
796,0.990153716343145
797,7.371868202638628
798,0.9149834317221793
799,7.054353748370557
800,0.8575492070673563
801,7.880122815469385
802,1.4286087599562953
803,1.2658238194493825
804,1.8664130025352395
805,1.0403710486702018
806,0.23705789608890737
807,6.37470891167755
808,1.3739558743310578
809,0.8250291234656124
810,1.3632747074572782
811,0.9962873533774492
812,0.21552291985266545
813,6.979962018008739
814,0.9915053345708622
815,5.9891560265135055
816,0.8601966687514472
817,-0.3132339414025296
818,6.702104452880877
819,7.014280847398063
820,6.7676802365488085
821,7.567771940347397
822,4.208680507557328
823,0.4163534208332739
824,6.425463701028355
825,3.2051913227540827
826,1.247906171680304
827,3.7391288051486122
828,5.817923532077943
829,-0.1386407389879377
830,5.589564333566955
831,0.8701783105746204
832,3.5687796139845367
833,8.451344420114733
834,1.4700352500637115
835,7.358631589794427
836,6.519027263184068
837,1.2266914772877173
838,8.895856739989997
839,0.923896711760729
840,1.4751565910861395
841,6.934178628968253
842,1.4078079514842274
843,1.5483104369199556
844,5.9052395018489845
845,5.395862645825038
846,7.4785242426143075
847,1.541507593024386
848,0.549449224656241
849,9.35984115797714
850,8.625098629358783
851,3.5664941945715682
852,1.829196679612848
853,2.4670237113056643
854,1.89903651151177
855,0.9256311889456212
856,1.0148942263016603
857,3.707789047253369
858,3.8571710623939586
859,4.827515410602737
860,9.183034737616742
861,9.099217647913777
862,7.9456126114612715
863,4.0140709992247805
864,8.92482408729756
865,2.091999623222603
866,8.279645066810938
867,-0.16896919125491675
868,8.03740632701881
869,6.591903989288697
870,2.1068406325942157
871,1.1944661910484824
872,7.96844351712057
873,7.086801968786878
874,6.9195626088180235
875,7.882808523582827
876,9.46690504133228
877,1.5519220887757659
878,2.847850790998531
879,1.378776276803822
880,7.697491014343152
881,9.091858639394502
882,8.2089032236758
883,1.078749360736513
884,8.636896003263734
885,5.943817390931748
886,0.6144296712026878
887,1.123948539298488
888,0.617606219181234
889,5.994679113358175
890,0.9073081269263608
891,9.519710746473958
892,7.742492891381093
893,9.314394225414093
894,7.231719674032181
895,8.10091555998358
896,1.072725422709535
897,0.27788953216944046
898,6.067777792561781
899,1.4620521161737883
900,7.509025551000958
901,8.566252296036081
902,1.2068497514563763
903,8.395740303494046
904,2.2899843762763163
905,-0.23218234484251749
906,7.3084677853681335
907,1.6142574367332883
908,7.481278176368781
909,6.751578740539803
910,2.0513763739386857
911,6.570332586033847
912,8.793727480343646
913,-0.12659156821965392
914,2.137357065271881
915,3.67567296399019
916,1.4061878998968826
917,0.9934624525489667
918,1.549475835420524
919,0.6436458687336708
920,0.5043910240970614
921,0.06735734533454513
922,1.2159264012120603
923,2.457386139547486
924,7.892057617479945
925,1.2401447761499178
926,1.206678296257086
927,1.0157093318050128
928,1.089635239285018
929,1.0554805274450318
930,1.258282292245084
931,1.1422568919028908
932,5.389299001395156
933,8.398843255340264
934,1.1406756457853275
935,6.855652865029691
936,1.1634028010350475
937,8.025385975121994
938,0.7391302868344886
939,2.1115445585005186
940,8.827695673903936
941,1.1823436552864162
942,1.2478980747053108
943,8.921619419175974
944,2.3691842281733564
945,0.767027319808393
946,-0.06480508265858084
947,7.244455431075305
948,8.789225722159799
949,0.9480939534233905
950,0.33337829291407906
951,2.982740770625655
952,8.588926116709608
953,6.831745475074119
954,8.976606417716022
955,8.453867949126511
956,7.5902266562718665
957,6.7351187003857955
958,1.097041056925877
959,8.5124772576304
960,4.581414291545222
961,1.1372240895407757
962,9.701120469545796
963,2.0136244693516505
964,1.4238994488355188
965,0.1048046423792164
966,1.4997864334813242
967,9.338400103488961
968,8.274314183937207
969,0.9848104284459008
970,9.565446258175935
971,1.1102454574308234
972,3.6572893965444573
973,3.789061120436912
974,6.344955338539222
975,8.452837796882866
976,8.908921313154794
977,1.382650206797413
978,7.543921188829188
979,1.278090757157868
980,8.282152162142662
981,1.3954296290255679
982,3.699695886167671
983,9.293120129910799
984,5.400328848941185
985,5.26247325516813
986,3.743896039266387
987,3.4287594526050915
988,1.8744047413457243
989,8.424830970303251
990,0.7896999895865465
991,3.763299729395884
992,4.626663471302142
993,0.7549987154341468
994,1.424036278541193
995,1.155966401258175
996,1.8553753243621718
997,1.653116002915523
998,0.8419481462061204
999,7.583654264226074
1000,9.851432288579494
1001,8.231791741539666
1002,1.7341032267468608
1003,8.985086727503676
1004,0.1620903517052279
1005,0.451156685860483
1006,9.239267884016632
1007,9.36250620773327
1008,1.4324836497035773
1009,0.6055118842670235
1010,5.657359878504868
1011,0.9838996622982611
1012,0.9675283156231071
1013,1.8711154516752733
1014,8.44170470200851
1015,7.597422555983137
1016,6.172733338897975
1017,6.261108044483552
1018,0.7630156938530159
1019,9.609909878207205
1020,7.451168347586396
1021,1.0289254855983967
1022,7.3027912709020235
1023,6.758510853662832
1024,9.412970688115227
1025,-0.010928958412263573
1026,0.44831544608807306
1027,2.760827888000062
1028,0.9906281454178333
1029,9.294485291732045
1030,8.311180017137323
1031,1.7841414229985157
1032,2.211146495752713
1033,7.596924018578298
1034,1.8285259518560844
1035,8.999372099269614
1036,8.927850469872258
1037,0.2941164170968479
1038,4.045348950926663
1039,4.105102960059631
1040,3.156446349749138
1041,1.772171947451211
1042,1.2401774957380884
1043,3.500269119864486
1044,9.583358975199113
1045,1.9415515867405482
1046,0.33501795115281063
1047,1.2274076770481588
1048,0.6568817082749708
1049,4.366217766805325
1050,8.28336861246565
1051,6.644846130025209
1052,8.39750937298523
1053,-0.13051395446513192
1054,3.2306972732084565
1055,0.5512099677544634
1056,2.017807539653064
1057,1.116504172196354
1058,1.9535297829105627
1059,1.029043697849871
1060,1.7603939579857595
1061,1.3413345691014256
1062,8.388163226262828
1063,9.111648091891759
1064,0.8530214251661665
1065,8.332399890339389
1066,7.619084992579377
1067,3.646665187502485
1068,9.481689612142432
1069,7.373125936607166
1070,1.0446215251564968
1071,6.229430092384448
1072,1.2495205543869454
1073,-0.029718301938225763
1074,0.8724165538788279
1075,8.112617204019404
1076,5.943705106022529
1077,7.525263090193785
1078,5.771599379357448
1079,1.3477201313148757
1080,8.595198735071799
1081,0.7162636691423636
1082,8.102099933883245
1083,3.5531411917019007
1084,1.170258485437354
1085,0.6892358923969291
1086,3.7015297688842295
1087,7.045839627368318
1088,4.106578763601479
1089,1.556989395002444
1090,6.85088359166114
1091,9.475211108090885
1092,8.296330241489285
1093,8.206396465370192
1094,1.721574721263218
1095,7.600676297825005
1096,1.4131021584024936
1097,0.5065361392885863
1098,6.458776301931327
1099,9.8233065635884
1100,0.9963231715790819
1101,0.8169550777947296
1102,2.3477943083983233
1103,0.5947681008537457
1104,0.9001091381588691
1105,0.7162187498067243
1106,-0.2511448104587642
1107,6.606586387545755
1108,7.095195033119735
1109,8.754897568981105
1110,6.833714054746736
1111,-0.013331945534418622
1112,1.1151011983558905
1113,1.6681335142859506
1114,1.3804791361669055
1115,0.9618865013297009
1116,8.606782651972152
1117,1.6934052536337747
1118,1.233567390672822
1119,1.6481248214649378
1120,7.871400782673876
1121,4.712086341114451
1122,1.2033225361348334
1123,8.469503767253455
1124,0.025207922840851014
1125,2.108154777734195
1126,1.5852335707954994
1127,7.745543979177639
1128,3.5816286796309096
1129,7.82826762899918
1130,7.264784294795634
1131,1.0484417547372034
1132,7.927203957571369
1133,2.314211893592518
1134,2.056717609062331
1135,3.6631011541160237
1136,1.426991205927345
1137,1.674715474890515
1138,1.586202769684677
1139,7.753342226940269
1140,1.3696875761617562
1141,0.912656008182779
1142,0.3274478628006045
1143,9.25919520044054
1144,9.467747236504417
1145,0.6784271188699448
1146,1.5097463750212035
1147,2.467945238279122
1148,5.124613600383291
1149,0.518598896868623
1150,0.35860569056856856
1151,5.81830936315416
1152,7.0229203061225585
1153,6.278883383904853
1154,4.2536980070039005
1155,-0.15986738385608967
1156,4.116648207923205
1157,3.776412587853365
1158,8.230652474982852
1159,8.539093950258081
1160,8.082358920752082
1161,6.8956446345345
1162,8.51702098289995
1163,-0.2505820391064274
1164,0.8761855549922057
1165,4.216716148109851
1166,8.551070081090355
1167,1.235158337709831
1168,0.931287260870064
1169,7.518574268479932
1170,0.049077185327735355
1171,-0.06328680641953097
1172,1.5317903826710957
1173,1.114355348159232
1174,1.2532880785219087
1175,1.6637853683271764
1176,2.2005852930687753
1177,7.980234456383812
1178,2.1407508467963017
1179,0.8350599383035374
1180,0.7262243583537222
1181,0.0173065412983151
1182,0.9440654989668839
1183,2.2087713374787246
1184,0.20438864480657765
1185,9.03765833810003
1186,8.344133976718274
1187,1.3613761054694578
1188,0.6712088683149781
1189,1.324825028074407
1190,1.3764379471477968
1191,1.0652615252908613
1192,8.203588880582322
1193,1.7496882376589673
1194,8.4395076295421
1195,8.64337162685713
1196,3.449067252291687
1197,6.602430885103915
1198,0.8123612140078534
1199,8.224896025233374
1200,1.7674586697060028
1201,0.8828800606613711
1202,1.2743087189690308
1203,7.45013454601123
1204,7.554967227997399
1205,6.990019481444672
1206,8.654848826955734
1207,0.9551181169155472
1208,3.849606289102201
1209,9.388315846522458
1210,8.078740818255609
1211,1.436423658574086
1212,2.289784708859794
1213,2.869725240512939
1214,1.7793609197075901
1215,0.09553134051952418
1216,-0.10522368787224995
1217,7.835854810398419
1218,4.646531593128981
1219,7.157283563611669
1220,6.757736361799128
1221,3.2333679501610364
1222,8.357150233063244
1223,0.9139242604130988
1224,9.592777523745895
1225,4.293676785082602
1226,6.242977885151347
1227,0.7454632187859097
1228,1.203032944385641
1229,1.258633117499421
1230,9.12530246356438
1231,9.237227193865582
1232,1.302379457530327
1233,1.8100783670738145
1234,1.573961627320853
1235,8.470902591280481
1236,7.755762421567171
1237,-0.016356938230460652
1238,7.930957568484703
1239,0.2535489020268543
1240,1.1337885564361867
1241,7.4632075798904856
1242,0.9274152779337292
1243,0.48464813684148544
1244,1.916494886503695
1245,1.0027907479827176
1246,-0.10051271552719192
1247,1.750459959392773
1248,3.535271155515028
1249,0.45546231042646407
1250,6.236689044726692
1251,0.8233065708553275
1252,1.269936331531509
1253,0.16845208042567977
1254,8.983040993076795
1255,1.1469275275253954
1256,8.53271733450184
1257,-0.0562519969348763
1258,1.787694305795578
1259,0.25136821998348075
1260,1.7505072792655447
1261,4.03620709658967
1262,8.083078609689283
1263,3.651441745734726
1264,6.2627035948986975
1265,1.287738631314696
1266,4.171607687503833
1267,8.279674138287197
1268,1.8462460043415274
1269,5.957614639731707
1270,0.1959865528252152
1271,8.20692984778382
1272,-0.0661478134848054
1273,1.5925715420768083
1274,7.437688455009596
1275,3.783801341226193
1276,1.3096255212240253
1277,1.3973489223068287
1278,1.3135334784014638
1279,1.7568049104975396
1280,1.2762541508851855
1281,0.05492996835384155
1282,0.35957104773154686
1283,7.671333939620377
1284,1.1886477344768438
1285,1.9070300698986875
1286,6.4134327971054095
1287,1.216733375706196
1288,0.46152562138944236
1289,1.0786662021321363
1290,0.9788351478216659
1291,1.071125119742233
1292,-0.08175809007570102
1293,1.8377284940956333
1294,1.1849988150337325
1295,2.8220835900846284
1296,1.8711236504129578
1297,8.915920757171516
1298,0.01797497752714228
1299,1.0709710577650564
1300,1.4039493804420344
1301,6.566434598194496
1302,-0.07134719892833151
1303,5.9924777833302025
1304,0.8430910774255114
1305,0.9980216786595865
1306,8.63820460172962
1307,4.956799527122076
1308,1.009714335486613
1309,1.1122002177108787
1310,7.0242442143944634
1311,6.624711833772688
1312,6.953580367674828
1313,0.8415182673223556
1314,3.2270766429302764
1315,1.6883511597446694
1316,1.2528352362588613
1317,7.715504344915408
1318,1.1699977804218564
1319,8.259083449275947
1320,1.5538770917823026
1321,7.811324801463961
1322,0.2690188777219124
1323,0.08016437608796999
1324,0.7346275081653484
1325,5.630616619824516
1326,8.377231392347095
1327,2.9831657295835963
1328,6.588651972898223
1329,8.633441205729593
1330,7.162925337175721
1331,1.2000393742907636
1332,1.3783818822057115
1333,0.33222460936732456
1334,1.1326210601290965
1335,7.445087479983692
1336,1.576743732226379
1337,1.482154002685964
1338,2.0801575520916353
1339,1.0287474230557494
1340,6.2196159234572646
1341,1.1650542385594593
1342,9.038627922663048
1343,1.8755216744168668
1344,4.070173571488346
1345,9.001056390224672
1346,5.571159346121162
1347,1.1147636911883485
1348,6.530950001147879
1349,3.589188245038381
1350,0.6643650016882265
1351,0.3278999755648887
1352,0.6241471691228339
1353,0.3905254853507842
1354,8.720458194569249
1355,8.085542582943335
1356,1.2975502505438277
1357,9.88205157367807
1358,0.46473135114430886
1359,6.705820879393926
1360,1.348523011882989
1361,7.701742834033051
1362,8.903555492541377
1363,0.052463722869929466
1364,7.4025747949142895
1365,8.745078154342199
1366,0.015103529887965731
1367,6.983092047352965
1368,1.2657709148152974
1369,6.473659980937663
1370,7.710996729578003
1371,1.153087567423524
1372,1.724368770362555
1373,2.196733489826511
1374,-0.2692808230923865
1375,2.0038522455590315
1376,1.8279168427449641
1377,8.26567451044925
1378,0.7959078892586047
1379,0.8910235503026656
1380,7.54570063905438
1381,0.7475854815044374
1382,6.105321280580883
1383,0.7028847073688024
1384,8.856412485184311
1385,3.8075789710664973
1386,3.4676733156062087
1387,7.256240184088464
1388,0.8495822360192196
1389,0.5021309859883659
1390,0.100393521299131
1391,1.975254294565303
1392,8.51606124533534
1393,0.1699785560942392
1394,0.2616657151762176
1395,0.8743498867664999
1396,0.4487105258217779
1397,2.6439523209451985
1398,0.5929673002979162
1399,0.30905333782329725
1400,1.0036048619687203
1401,2.3362698871717105
1402,4.850235634735287
1403,0.6686159377007457
1404,8.461923109439963
1405,0.7890861026009307
1406,-0.23896840870869407
1407,0.7884804685479722
1408,0.13956261334880796
1409,1.379168216001008
1410,1.251179147063448
1411,4.285202920156763
1412,9.896379098191337
1413,3.5510372738101634
1414,1.0088039501815271
1415,1.43717900169388
1416,7.92707025980286
1417,1.1058844716287584
1418,9.049442128268161
1419,8.506752808478595
1420,1.5542088367395195
1421,1.1046852393274174
1422,1.2292277153261588
1423,0.8374573688508855
1424,0.8814266942677853
1425,3.7438274867229127
1426,5.874523738541182
1427,1.0406688384412202
1428,1.231469286011865
1429,7.586320782051723
1430,6.065385764977539
1431,1.561029692099141
1432,8.610410118872084
1433,1.955102164797763
1434,8.278918417748658
1435,1.4776052385132925
1436,1.5673808331445007
1437,7.981773600658874
1438,0.5489417401157379
1439,9.427075498118207
1440,8.512663149104242
1441,2.2588322823166798
1442,3.080508010518609
1443,3.9792441885450076
1444,1.1705395704010098
1445,1.112683260527892
1446,0.8434658059872379
1447,1.3716372921602302
1448,0.9446550487120219
1449,3.8432924566489075
1450,5.9287970615468755
1451,2.213829984074402
1452,2.2730658167534705
1453,7.719850924063986
1454,1.8753483149961914
1455,6.54030191363924
1456,1.0955438507875506
1457,2.333207033625398
1458,0.20767537667190655
1459,7.661940340114636
1460,0.7836007331033343
1461,1.2295491838143322
1462,8.173677618597944
1463,4.800949804321652
1464,1.03299472446333
1465,4.688600028800667
1466,0.8846125793300713
1467,0.653941344878346
1468,8.525488626097324
1469,0.5820086132322774
1470,7.80368468219784
1471,5.9584858687024225
1472,1.9556695336872314
1473,-0.44829378160318384
1474,1.068253292252836
1475,2.979947216093496
1476,0.9347398013896658
1477,1.6961320728434899
1478,0.22011760600382846
1479,1.7487338627365645
1480,8.43967886322411
1481,1.6949510938381178
1482,4.604535469676938
1483,0.9088799098335061
1484,0.3703078113782715
1485,0.5825189402423142
1486,7.13341798135548
1487,7.083214013680238
1488,-0.24627079874342386
1489,-0.04735530329258997
1490,-0.11384452206465182
1491,1.1144259027276453
1492,8.147660205063978
1493,9.448620661632502
1494,1.4352267002927215
1495,6.522501929257617
1496,2.222003696768529
1497,6.858310520894407
1498,0.7970391678191999
1499,9.405046082724914
1500,0.02052371707859558
1501,7.559416020654396
1502,2.301347804949649
1503,1.2147605422996488
1504,2.6827836871407933
1505,9.19786263543931
1506,8.365454152826517
1507,9.526035537005539
1508,7.219898891516583
1509,9.833446177967026
1510,0.40335978180420534
1511,0.5817685732942529
1512,9.531247302835197
1513,8.990149471411577
1514,9.18616906595994
1515,1.7100305542122136
1516,1.7650268996573226
1517,1.120439634804428
1518,7.792966469484863
1519,1.3241485553998624
1520,0.7298988071036384
1521,8.214907567349611
1522,1.2895065216305373
1523,1.073575689506801
1524,2.4267281902627365
1525,0.7968927184971873
1526,1.439584196685001
1527,8.031287000601985
1528,8.592895228657289
1529,2.3349373859821405
1530,1.2028031203207081
1531,6.444879221088316
1532,2.3177592632649566
1533,1.4317921656924744
1534,7.111680597994171
1535,1.1620366942522529
1536,10.234909066954193
1537,0.9863672739448885
1538,1.2090242095306278
1539,2.216609741448569
1540,7.506750160240257
1541,8.864820459991263
1542,8.242466510402442
1543,2.2477822606495392
1544,7.813500161244665
1545,8.968802679290338
1546,2.4631017611116874
1547,2.167959123248318
1548,1.9698777767927744
1549,7.557135288337612
1550,-0.17963904598312963
1551,7.7858183273758135
1552,7.561481674465138
1553,7.12232033425305
1554,1.124940923086318
1555,1.4661796813653487
1556,9.588006012123556
1557,2.400860350884037
1558,1.5342962991125093
1559,1.3980310213106535
1560,1.3024318088253903
1561,6.789407679287068
1562,8.951229191102712
1563,4.169005799714796
1564,5.4585138552661725
1565,0.20125770743608218
1566,1.0850798456766932
1567,2.0248407700970077
1568,0.36874490006038485
1569,9.176701630232605
1570,1.3528239916407498
1571,4.000749067740989
1572,8.080587412589123
1573,9.9741755770481
1574,1.4184485773613889
1575,0.575513473582847
1576,4.151587744957869
1577,0.005834093091449416
1578,7.922957507612748
1579,1.0007064919321456
1580,8.614517248044436
1581,9.057329862017669
1582,1.4913438021129748
1583,1.313296832175577
1584,1.51339063489967
1585,4.039160732457301
1586,-0.07237276601710796
1587,7.81876625267302
1588,8.210988445136483
1589,0.11210689836163805
1590,1.7453454343517758
1591,0.5731690175596088
1592,0.9531843346473782
1593,6.982761859832166
1594,0.9760456873645343
1595,2.4413336327758843
1596,0.9586861968196752
1597,1.3403634883909827
1598,2.0062705060438284
1599,-0.05275961157113877
1600,1.2952565729812298
1601,7.971669822456346
1602,-0.04597007182249896
1603,1.7911475379472561
1604,1.221639652217081
1605,1.4906930327943302
1606,1.3418279146110788
1607,9.466523999658596
1608,1.2239860576385162
1609,1.1470361001261486
1610,9.9342841397271
1611,2.211064236104027
1612,8.041559839530537
1613,1.4798247940120128
1614,8.597921666197296
1615,8.764359542607057
1616,8.28568129684367
1617,4.143278305631975
1618,2.0529091062569815
1619,1.0503715412459411
1620,4.474777829454887
1621,6.491549840871328
1622,1.3133474545347639
1623,1.259276522767737
1624,0.9944997238902198
1625,7.021936473981591
1626,8.054332307409508
1627,2.112252845305307
1628,7.39581220825393
1629,9.003411905156428
1630,5.564130132500535
1631,8.820232773936029
1632,9.194907231696202
1633,0.08265307275462826
1634,0.7631435949767602
1635,1.5676269278916781
1636,0.18106861336845587
1637,7.750211958829748
1638,2.1105200491567744
1639,0.8850276465895534
1640,7.6095516640175935
1641,9.364809883143774
1642,0.15808321338261447
1643,10.026811364022508
1644,8.140293872445083
1645,7.810749930515636
1646,8.741798373468063
1647,4.240781529029426
1648,7.788739663406631
1649,4.035037818255888
1650,3.8316893264059693
1651,0.6977490568634382
1652,1.2616421826202184
1653,1.3334192644805822
1654,1.4374604200688548
1655,8.421845049540135
1656,1.61333118752171
1657,3.995161924228739
1658,-0.01150901330557752
1659,8.861591315079894
1660,1.1857079710959244
1661,7.957356078259844
1662,0.3772890369012653
1663,3.36374231231112
1664,1.4596991588492874
1665,8.23168533961597
1666,0.7165186313851357
1667,8.916755677264238
1668,8.578166660431565
1669,1.7902786581260897
1670,2.161777609726688
1671,1.4687430012254403
1672,9.834619084880503
1673,0.7927770338907036
1674,9.787148574921563
1675,0.7565760525439299
1676,8.603688639505876
1677,10.12187725232632
1678,2.074269855620888
1679,9.192294599652865
1680,8.790882998139681
1681,9.656542717009462
1682,8.809648620036505
1683,1.1293606696596505
1684,0.9523216461598003
1685,2.3455395047738685
1686,0.908516346495401
1687,8.240680728156457
1688,2.36931672867223
1689,3.574246500965673
1690,8.500874735461366
1691,1.2304709543306118
1692,1.1359243865945519
1693,9.491867267606082
1694,2.053530082031036
1695,8.980649435470712
1696,7.8563517505378435
1697,0.5472146749225988
1698,1.5910502398893471
1699,1.4574953303631686
1700,7.648353104249589
1701,8.868945825001065
1702,0.8589923475128968
1703,0.6783017631085827
1704,1.497578412325954
1705,9.039367754550252
1706,1.484257781780637
1707,0.8244913474987248
1708,1.7009711561231107
1709,7.346593477430711
1710,1.7813109672079555
1711,8.652315535892837
1712,1.139937982655672
1713,1.574469654516904
1714,8.52942807638897
1715,2.3994257806175123
1716,1.5902727348118393
1717,3.11196126419762
1718,1.828190219512672
1719,1.2452859405329288
1720,0.5246725492295327
1721,9.083412364082086
1722,9.851446325621362
1723,-0.27113038627969416
1724,0.7538739824688643
1725,9.277648123671433
1726,8.1528920598778
1727,3.8461262872770945
1728,9.778142433674436
1729,1.7805240705614784
1730,2.1380211342204007
1731,1.035239534064334
1732,5.54600393878834
1733,5.512187316772657
1734,0.7540841116563254
1735,2.7426981825649754
1736,6.850269442206715
1737,8.631262388942007
1738,2.2360334332252307
1739,7.60092267422366
1740,8.668480093657932
1741,4.3593927743748
1742,9.131205665388016
1743,0.006864616953871259
1744,7.6710574240402165
1745,1.494303200890143
1746,1.48418351154768
1747,8.593706108536884
1748,8.181804505335176
1749,1.909602104494018
1750,9.65856030428607
1751,4.427248742740121
1752,0.3925313748306481
1753,8.1311371442378
1754,10.029895997327946
1755,2.4425103502766934
1756,5.283510934169049
1757,7.758179863479721
1758,9.110753093367952
1759,7.4535267085418795
1760,1.1297671582274955
1761,9.364135568416993
1762,8.768001836282934
1763,8.298047941587077
1764,0.21417970609320408
1765,-0.23683880754768633
1766,7.938553575797521
1767,7.858721443325398
1768,2.619999224497926
1769,8.915827013298845
1770,3.9687234256292787
1771,2.485104691966779
1772,7.11321272296144
1773,0.4344936082733455
1774,8.378565533086407
1775,8.941751582393518
1776,5.5945094844812795
1777,1.4502996293898138
1778,6.412229278618802
1779,0.9475606505273413
1780,1.582764549744115
1781,2.469857205957764
1782,2.027353050926086
1783,7.449980105535183
1784,5.772028194500115
1785,0.24571536831332014
1786,2.435894925290467
1787,7.3533071125839005
1788,0.20557032670446745
1789,9.484875025660605
1790,7.8620376189226535
1791,8.263098443124102
1792,1.9014824877434304
1793,1.16125131182791
1794,1.9699374869051431
1795,9.22171715576964
1796,1.1375701331020904
1797,2.6485838545345217
1798,1.4163459649653245
1799,2.780066672449187
1800,7.285626458375638
1801,7.957693115922216
1802,2.1786499977417213
1803,0.06417988521841797
1804,8.872212619977653
1805,8.971020239158573
1806,7.975821026835087
1807,1.3562132147338761
1808,1.3575845897293306
1809,8.770400207034482
1810,1.46166266780676
1811,1.4379859175879364
1812,2.1661895305072068
1813,9.494415382815948
1814,4.146631620119032
1815,1.1689747688788867
1816,2.1630164453479206
1817,1.067459468625091
1818,8.023792490169525
1819,1.2794211037499865
1820,4.844987468095316
1821,8.553929361534776
1822,0.8181421662517746
1823,9.029944962326422
1824,5.9387279644598685
1825,0.15868588253721685
1826,2.3507622332413227
1827,0.8927788999503841
1828,3.994267999186
1829,4.80992122400328
1830,8.51045678614689
1831,6.787311176052441
1832,5.635238649456576
1833,7.293599207560983
1834,1.0456049443348834
1835,2.209639173655357
1836,9.963417702203827
1837,1.4472278637788163
1838,0.9795744036387121
1839,0.041511665763518085
1840,2.235672250139344
1841,9.770552098850814
1842,0.9378649500464894
1843,6.801224240247971
1844,1.3289071101378216
1845,9.24451669180833
1846,1.3626511523307074
1847,1.4251344496901983
1848,8.980268339482263
1849,5.94277253992607
1850,4.108571889335808
1851,-0.05470879725572128
1852,9.527208018488258
1853,6.872048648290343
1854,3.7611283577766894
1855,8.23722306237618
1856,0.8526595698351965
1857,1.9657296402406819
1858,7.950984054687915
1859,0.6123619114076307
1860,8.300746757680288
1861,1.2406212868374895
1862,0.27817276946733455
1863,7.553505690004427
1864,1.9912394893589682
1865,9.434260916903638
1866,0.212578124809611
1867,1.8191158289411464
1868,6.81205879239062
1869,1.2317767418762948
1870,9.812328472429034
1871,3.199359856132139
1872,6.884904409988368
1873,9.760538550375403
1874,4.6331745649568274
1875,8.312840296755653
1876,1.470238349136785
1877,2.2841414616938778
1878,7.9783853942412515
1879,2.5142619794281105
1880,5.828041503624541
1881,1.7399848772790667
1882,8.20901111272431
1883,1.356839194274594
1884,2.3315543207742695
1885,1.3902637432234926
1886,9.970428500424115
1887,0.669282795411707
1888,0.9230911806563233
1889,7.148326771703291
1890,1.2333503209600392
1891,8.278707336452038
1892,0.6396563564246744
1893,8.017171208731318
1894,1.503804369239048
1895,1.682005070636763
1896,8.80607078205165
1897,8.59003032937134
1898,3.4208190739309905
1899,8.838820674891602
1900,2.3390618351287236
1901,0.6757475568166873
1902,8.676219656731684
1903,9.063055438031515
1904,2.085336119787578
1905,1.14305093595796
1906,6.908305934638199
1907,9.621786409828706
1908,2.108162106547781
1909,8.957943107192232
1910,7.947571437633736
1911,7.340705845694967
1912,8.842172931085525
1913,4.2538696272031125
1914,9.010592970300879
1915,8.548628160274289
1916,10.301888589305145
1917,3.3955611740497935
1918,0.9050513903359819
1919,1.9644737481037353
1920,4.12001718181792
1921,1.4146543557540583
1922,0.7393169947446461
1923,2.384135145285333
1924,3.105591360933086
1925,8.729207035304142
1926,7.286870073905727
1927,0.3686489680972937
1928,1.1483719387232756
1929,10.695355939196757
1930,9.109409366139047
1931,1.2937186499540956
1932,8.396140423683875
1933,9.997188655916105
1934,2.106649597568356
1935,9.70587458739635
1936,7.759538408577696
1937,9.673918981664265
1938,8.640655495426323
1939,0.5162554213320887
1940,2.279137704218911
1941,1.333503904591787
1942,1.6915596029531246
1943,2.208419282612419
1944,6.9503843627167745
1945,1.2597199468967473
1946,8.96052972972745
1947,10.077751260590894
1948,3.2584750230773336
1949,2.3855967937490443
1950,0.5906217097486891
1951,1.3791321734979947
1952,6.46652823653955
1953,2.902734444218096
1954,8.697325260119051
1955,9.698997941773522
1956,2.990250226825174
1957,4.108961941735712
1958,1.0214152647130081
1959,0.0276332410713294
1960,7.175877874113515
1961,7.4467302063971
1962,8.427222275802404
1963,1.2454570684467698
1964,1.1034632914299456
1965,1.8381411214260335
1966,8.799998177494258
1967,9.110294527364534
1968,8.384734946019082
1969,9.089145145637772
1970,7.693223348860107
1971,2.0087274905389103
1972,2.0206659108424976
1973,8.271342715256823
1974,1.1180458627350542
1975,1.8926547345939588
1976,1.561050139087581
1977,0.9724158147123998
1978,0.38290421103552735
1979,9.642988457172661
1980,9.704841934168307
1981,2.124670527574349
1982,1.1879447515896648
1983,2.3781966249887585
1984,8.049733755229814
1985,5.762812924145153
1986,4.086807841638433
1987,0.977705744994958
1988,0.5078963225108359
1989,4.072379088707946
1990,1.8144746881829459
1991,8.789699109947819
1992,2.3543269362452297
1993,0.9348275643985554
1994,1.126617402386411
1995,6.81172155264645
1996,10.026570284967022
1997,8.197521227088734
1998,4.957603473035963
1999,1.8696701053345657
2000,9.85280319845398
2001,1.5091189396997269
2002,2.60074010304913
2003,0.09880744165004922
2004,1.6587687002945328
2005,1.5679619228555721
2006,8.37125395766024
2007,0.30273364722494184
2008,1.3280522642904136
2009,2.0456445435974957
2010,1.4070408249814883
2011,0.36895880993450975
2012,8.96982449658452
2013,0.8250461220508456
2014,1.9982329936146481
2015,8.763712759937611
2016,4.2371595993706395
2017,1.7082757146265688
2018,1.0261231624804636
2019,1.2306423083139817
2020,8.329851418921697
2021,0.7522396377421877
2022,1.8545912185467661
2023,1.2841816191019804
2024,8.635310383264365
2025,2.7793759193621272
2026,8.620885946592447
2027,1.9165404651840623
2028,4.316473366590972
2029,1.4147349665534268
2030,9.081904103197552
2031,1.0268453527265675
2032,1.478678304512734
2033,4.195793331173459
2034,9.12656690374401
2035,8.072954235772743
2036,8.182242729144326
2037,0.051781175995235615
2038,9.077281348039078
2039,4.882722877645385
2040,0.34576213190605853
2041,1.6503482527219258
2042,3.413859291132425
2043,5.397721435524886
2044,2.094273225920773
2045,9.173402413318433
2046,1.2250773352832547
2047,8.684532914912596
2048,2.042404859742115
2049,0.14398859358432478
2050,7.948782576406332
2051,0.7355336376897919
2052,7.463592154410095
2053,0.8285453238546259
2054,8.60869918974623
2055,0.9379669117725432
2056,1.4395458630991587
2057,2.5686435368999647
2058,7.4361571500986114
2059,1.6947790407446648
2060,0.2705385813251274
2061,2.1280217476325496
2062,9.475387131474514
2063,4.153627753057161
2064,1.5066067839277297
2065,4.680911661610949
2066,9.137490567925388
2067,1.6683700139109332
2068,9.542789709880346
2069,8.122618523966846
2070,2.13944897799737
2071,8.87400242038001
2072,1.5225909734546128
2073,2.111997911046591
2074,0.4273034047608989
2075,0.8922145003971581
2076,1.3236658343776144
2077,8.207599153252266
2078,8.558232056111626
2079,1.2902597832716207
2080,0.9074788317532068
2081,8.907869255969118
2082,1.470433210331091
2083,8.967813641136877
2084,8.469084099662643
2085,1.5355422901261495
2086,9.24883156062254
2087,4.175230009650703
2088,0.04532385153386795
2089,1.5916237573854604
2090,8.201371239015586
2091,8.562923264478203
2092,1.1817458810569406
2093,7.61682755795286
2094,9.31985627261415
2095,2.1967133215562122
2096,8.019505687097263
2097,2.123959936291139
2098,4.371201744313155
2099,8.01116698713563
2100,8.630556766763796
2101,8.731286809111374
2102,4.910718317896205
2103,1.4044379309198605
2104,8.133554511694015
2105,1.4148522537020185
2106,1.4668952693116657
2107,1.3498035659672654
2108,1.1936032625865804
2109,5.559976490133225
2110,2.328253600916402
2111,0.30560361159347366
2112,1.0196546436938785
2113,7.530933499976488
2114,1.1307388305610913
2115,8.727365228882146
2116,1.3983460070816291
2117,1.2329833488106414
2118,1.145710203489492
2119,8.9012255014285
2120,9.334767173649203
2121,1.3380337498675692
2122,8.619176188467682
2123,2.6216357809743647
2124,0.013441767580306971
2125,9.06062049041488
2126,0.9767141517901912
2127,0.252406198222868
2128,1.1640389193821188
2129,2.296982981995531
2130,1.3984669212239984
2131,6.762697942422381
2132,8.902889333956404
2133,1.7656994928441372
2134,0.8372628704075942
2135,1.1058576517272647
2136,4.131178683477555
2137,0.4482830471044655
2138,7.93767922588889
2139,1.3768550678670977
2140,2.407815735011113
2141,2.4196837133630598
2142,9.098324200309195
2143,8.625838474528864
2144,5.4120401639187525
2145,8.713727131804719
2146,1.2366101964458203
2147,-0.042410333590443494
2148,1.0753924583853323
2149,1.1181424025972084
2150,0.3280561832550492
2151,1.9988080448951235
2152,0.21974271790483438
2153,0.13213011052407408
2154,0.6871969219441313
2155,1.5356621710123668
2156,0.30283943862741786
2157,8.155274223321156
2158,-0.13533715236919325
2159,7.793304328391784
2160,2.429402210091705
2161,1.294634478738734
2162,4.137670313317684
2163,8.678505205877729
2164,6.426737306399013
2165,9.136786031276204
2166,1.14224983545134
2167,7.507059481489559
2168,7.20401373112184
2169,-0.2876234571136166
2170,0.4407571712164722
2171,7.831032260335442
2172,1.0402389781710555
2173,1.0873344850642659
2174,9.605106367965087
2175,0.7946415776421553
2176,8.711726786946876
2177,8.745045796175733
2178,3.8316723602388056
2179,6.339397837238423
2180,8.154462114351475
2181,9.547109009671747
2182,0.7854405301379093
2183,3.911487404388347
2184,7.427300930371944
2185,6.532287079607248
2186,1.3807428366910142
2187,4.790424568828553
2188,1.1473029427470889
2189,2.254526981900241
2190,8.706964160758112
2191,2.4905215125979656
2192,1.2965277883118986
2193,1.9386996956211322
2194,4.028683187008234
2195,5.5750020237897315
2196,4.020547754075085
2197,6.84792661557348
2198,1.149239034834329
2199,9.43771735373731
2200,6.730189210297471
2201,8.075123946179838
2202,1.6795592687391754
2203,1.881826288327411
2204,0.6851389950688387
2205,7.005930811778673
2206,3.8245808362343556
2207,3.7053146753617363
2208,3.8886891600294637
2209,8.154241897351191
2210,1.8427560312727398
2211,7.166175017121175
2212,9.566277457751585
2213,2.6494304623950495
2214,1.8495514702745202
2215,9.369504473961513
2216,7.697623188801195
2217,9.104641670457266
2218,1.7952582847642369
2219,8.888680724350296
2220,7.4176778475166625
2221,7.849522865279834
2222,1.101520573588101
2223,8.376075665470086
2224,1.6793324596538557
2225,1.1013038289575923
2226,3.204582893927885
2227,1.7179440054287793
2228,7.299261322224353
2229,7.81150618259513
2230,8.676395294807085
2231,1.3689271296105603
2232,10.157671878630607
2233,6.644386947163536
2234,8.606019500666074
2235,0.9490664074431713
2236,9.113172975804934
2237,6.820253068897214
2238,8.99123654632601
2239,0.8069505989043075
2240,7.851431244449171
2241,6.4902468461419165
2242,8.296338832853413
2243,0.0485562464278052
2244,0.4709678954976179
2245,8.009245192266865
2246,7.686531063586422
2247,-0.07827891166626268
2248,1.215320616638153
2249,8.915225046125814
2250,4.39126126906799
2251,1.3983172955476926
2252,-0.03349486521115024
2253,2.021014107669444
2254,1.492689191330765
2255,1.3728687641230122
2256,10.222330762522892
2257,7.464004614979711
2258,2.29100009412908
2259,1.5758482907864
2260,0.6926632285090429
2261,1.5393282113022946
2262,0.18576863199898971
2263,0.7101193627536693
2264,8.474309070012279
2265,8.775829384026554
2266,1.355460546915192
2267,2.248970345499602
2268,8.471036253099198
2269,1.8794150577239292
2270,0.8295760579967123
2271,0.3978186813912765
2272,2.9582345381145423
2273,7.1938846750414704
2274,6.912344826880879
2275,3.1901649138478527
2276,2.053862253854192
2277,0.18970905270960817
2278,1.9262566331746962
2279,3.8228707071456505
2280,9.265618204735103
2281,1.4346132119766397
2282,0.23955300003250843
2283,2.442301428157913
2284,8.55543027451016
2285,8.811814852574136
2286,8.666960535113768
2287,1.5140880929175289
2288,6.180111747776674
2289,9.461972255622195
2290,8.927504736302758
2291,1.8680273778706675
2292,9.024265875393306
2293,0.14947652296007688
2294,7.455822597744767
2295,1.028267896121143
2296,1.459957800734378
2297,1.3053189214777794
2298,0.8026107306668445
2299,1.8153866659200477
2300,1.0521684939076266
2301,0.9351978719958467
2302,6.60533005836607
2303,0.8731178379006995
2304,3.9400621820512973
2305,1.0076154049803707
2306,8.557799777508155
2307,9.520093292394789
2308,8.833640444298421
2309,-0.12644821363206546
2310,7.873750447121643
2311,9.416507458420915
2312,1.269031632561663
2313,0.5995859538585231
2314,8.127897198151826
2315,7.565789974661216
2316,8.301698360100792
2317,7.72353402738671
2318,0.17129820089017128
2319,9.257178963043874
2320,1.2390783077592784
2321,0.8532347696819815
2322,7.967934363706127
2323,2.1095867625286275
2324,1.1160501179293483
2325,7.228071224808489
2326,1.8734742761365022
2327,7.506009891137411
2328,1.3639224503425735
2329,9.383179282908653
2330,1.367055599240969
2331,8.2306470373954
2332,8.540057295856295
2333,8.209359582528414
2334,8.30470840271726
2335,-0.13085726763519184
2336,1.4317172081590854
2337,1.9747953306880865
2338,2.3543940709786417
2339,10.187524827900406
2340,8.301817692337542
2341,8.658815305986233
2342,8.729765870810377
2343,6.906804170104153
2344,1.2892972652788832
2345,9.392620064118518
2346,8.466358051523292
2347,7.538752289762927
2348,2.131965981345869
2349,2.3093558353628856
2350,1.8974377081391358
2351,0.12366357861835718
2352,1.0347238634691525
2353,7.52754229879059
2354,-0.12038768455837182
2355,1.022344912890743
2356,-0.13616897278146464
2357,8.076223041841564
2358,8.72914365491538
2359,8.627215203821658
2360,8.58901867123539
2361,1.0532609407910107
2362,4.524385478452585
2363,8.663137171293869
2364,1.343156621933809
2365,1.9097799895025007
2366,9.203287657016148
2367,0.9766389124073415
2368,9.240583459688
2369,8.66557880888166
2370,8.197956547635798
2371,4.272223501126635
2372,0.948363224443358
2373,0.28826257719741016
2374,7.04161170263958
2375,0.8584566323541324
2376,0.008274105091441096
2377,9.841948778133366
2378,0.3857113625046926
2379,7.9074873052478605
2380,8.684939839924306
2381,7.9168334763419175
2382,1.2014426679501904
2383,8.273623987865886
2384,1.149502771689271
2385,0.38269815915796823
2386,3.326835870858835
2387,8.282392293486678
2388,2.1695763702305046
2389,1.6951350300845514
2390,-0.20079919336854352
2391,7.9001244057506215
2392,1.3787632508226917
2393,1.0673032628840304
2394,6.6604240676986946
2395,1.428342588270779
2396,9.930345966483666
2397,6.603191123271754
2398,9.034283036065487
2399,1.7428673289108216
2400,1.570056188071231
2401,1.5952080972715807
2402,1.800410255501269
2403,0.5780620200133783
2404,-0.25065780862388015
2405,0.01891143693134883
2406,4.274460843222045
2407,4.164445875413961
2408,1.4910056183437408
2409,7.140463555702858
2410,0.27839526254708546
2411,7.486937662640061
2412,2.564852027136775
2413,1.45805489127413
2414,3.8062312958367093
2415,2.686923655399884
2416,-0.20731199723650595
2417,4.394670742131964
2418,2.9368596346322584
2419,1.6739389904891901
2420,7.97969668019328
2421,1.1082411202347051
2422,1.761452464992451
2423,1.1388821732341052
2424,0.4542824336706526
2425,5.695234470853662
2426,1.3328131664581087
2427,9.668835096673126
2428,1.9761961433109039
2429,3.8241221671539023
2430,3.541523810806021
2431,2.320908107794431
2432,0.7783900172095631
2433,7.1159055853013395
2434,1.2467347360843348
2435,1.0707331404050315
2436,7.63838316744713
2437,4.480815053477882
2438,2.207330878488169
2439,8.96825181508891
2440,8.373446904269938
2441,1.8263007304123289
2442,7.8174902587460995
2443,1.2638219272250493
2444,8.018811830000685
2445,9.00242293774117
2446,1.3770914250053663
2447,0.4599972979437357
2448,4.301429074702921
2449,0.5677098596428369
2450,9.50834164568544
2451,8.714088404497993
2452,1.9977220941623837
2453,8.997497199341915
2454,8.722438578758755
2455,5.024343345838792
2456,4.397980784592193
2457,1.7231163804269556
2458,4.144168177021439
2459,7.985182860529492
2460,8.393640780407468
2461,1.3958755049069929
2462,1.8951852854093607
2463,0.00282139393689465
2464,8.222291630668842
2465,4.342123940798904
2466,1.5601345618065636
2467,10.060523525041623
2468,1.3817309402405702
2469,-0.150462356806404
2470,0.4023212888472191
2471,8.267206494013779
2472,8.350316500689004
2473,0.9423144723938708
2474,8.249866201492551
2475,8.43676917293899
2476,8.310099875283683
2477,7.232962384751619
2478,7.254130508297512
2479,5.456924920317037
2480,9.039053130609581
2481,4.5729551131357615
2482,6.2590217687908005
2483,9.021687614514786
2484,1.409112055897808
2485,2.5022023540731415
2486,5.010228784249002
2487,-0.07650144581004266
2488,0.9825682999489544
2489,6.195525901919092
2490,6.637224170354723
2491,1.1759918513829537
2492,8.52261551286558
2493,9.161995025577701
2494,1.5155469907487498
2495,1.8899044492683488
2496,1.8243515435205169
2497,0.3216261805417042
2498,6.2132564536131225
2499,8.046738741026994
2500,2.11228965339089
2501,0.9100892455861432
2502,0.9352230221987656
2503,8.661226193010904
2504,1.7354431272624662
2505,1.1078246110533687
2506,6.961464684598991
2507,1.2380208005080755
2508,0.8136450330738353
2509,1.2502250055023145
2510,8.948877576428094
2511,9.601737283779487
2512,0.09431685088224931
2513,8.895874484967619
2514,2.590284650119379
2515,9.832118593524442
2516,10.03530412215273
2517,-0.08344553679786659
2518,7.454169833587066
2519,4.237766244129111
2520,8.754769746241857
2521,1.1755705008479191
2522,9.5818376492765
2523,3.9968227487796426
2524,8.331812292972945
2525,7.447432607924594
2526,2.500927398628419
2527,9.447147858176592
2528,8.433921217063958
2529,7.810522859593217
2530,8.067662956876742
2531,0.2793814143654591
2532,1.2496738617678231
2533,1.6171576511527765
2534,9.03722973893209
2535,5.225684687813622
2536,9.109836392842674
2537,1.3055845677424607
2538,1.9419262792919891
2539,0.19729977581617503
2540,1.1790555009121126
2541,4.1292914215645755
2542,0.32711658142523425
2543,8.841018391988042
2544,2.224150103411065
2545,8.991974663192325
2546,0.23050683724231882
2547,1.8301491523370246
2548,0.9470546721179703
2549,2.3467156295053995
2550,8.845422727589927
2551,1.0825576903244292
2552,9.283295463158645
2553,5.035392396539868
2554,1.460700044924244
2555,4.964149340959274
2556,5.966728684236028
2557,-0.45442476282705846
2558,1.876666675493754
2559,0.2032231418755784
2560,7.208565782505223
2561,8.890971601568621
2562,0.9187649297219036
2563,7.287857560823635
2564,0.3043802721554843
2565,8.57359740886744
2566,1.8075606988909916
2567,1.4581386239511172
2568,1.1821814072379297
2569,0.17324223005466705
2570,1.9488876138029603
2571,1.3652881616452301
2572,1.4113736613559011
2573,8.336152914518644
2574,1.7309307017216014
2575,7.539157474713252
2576,9.273364464153145
2577,-0.060114561489481765
2578,1.273663806629529
2579,0.08259123277848984
2580,7.476579675629115
2581,1.2545977932630723
2582,3.2113657823521202
2583,8.009265590290209
2584,6.709154544665574
2585,8.743722242119073
2586,8.432447613418613
2587,4.819005728221269
2588,7.950432070031604
2589,8.94557440877475
2590,8.192621207394135
2591,5.413013050288919
2592,-0.07947682078922241
2593,0.6912862283793716
2594,3.6956224517677603
2595,8.502774802089448
2596,1.8168027131487143
2597,0.9985881001215621
2598,7.179877072995771
2599,8.420936221359568
2600,1.4735504674440651
2601,1.122921969044762
2602,0.3579171883454127
2603,6.572868033448044
2604,1.4672821433933732
2605,0.47688462528301684
2606,6.3000180126645455
2607,-0.24165761571548258
2608,2.903996566518105
2609,8.29814125984609
2610,9.495697250462015
2611,1.108949589431147
2612,1.0073916655787785
2613,8.446181408696175
2614,7.701936446572762
2615,8.14890972143235
2616,1.593802685132848
2617,4.2746704975269685
2618,3.2979628719025595
2619,6.664774424312969
2620,0.16710496829345223
2621,4.618922783023508
2622,1.542325783784148
2623,3.9693085225221276
2624,1.8192450972490048
2625,7.719801726690763
2626,8.203750101039475
2627,4.37195030444188
2628,0.7185073845300374
2629,8.942244640730916
2630,3.1211274157824427
2631,8.629565896045959
2632,1.319253533101819
2633,1.6105098489196203
2634,9.348243936140914
2635,8.035331598599287
2636,8.352395653954806
2637,1.0501983573829727
2638,1.6885718631838922
2639,8.067036518901544
2640,4.3059835741092245
2641,8.538853583031516
2642,5.015242421985107
2643,9.363028809045266
2644,3.9510389097609506
2645,2.3194107017153054
2646,9.036284842090744
2647,0.9065896204238493
2648,4.081764897146032
2649,6.744646387324411
2650,0.4320048487899325
2651,0.9603848755411329
2652,0.8091556260297482
2653,8.348023545009886
2654,1.2939469165335917
2655,1.7954220906134593
2656,8.227133705690116
2657,4.791267879545527
2658,1.460002234114076
2659,5.851341003574517
2660,7.759277139722117
2661,3.2308268240344615
2662,8.392091621714592
2663,2.103541319600404
2664,2.3717862985404583
2665,0.0968497675339236
2666,7.5136238420624615
2667,1.1288706977952936
2668,9.304152714979608
2669,1.6709169816280212
2670,0.46715095177199845
2671,7.060949386009883
2672,8.923301618501469
2673,0.7572871952818998
2674,2.123948265956721
2675,0.7742206006729745
2676,8.285125916458224
2677,3.1274063364445177
2678,2.50584064990769
2679,3.2460089979197373
2680,8.952986116291095
2681,1.2307542016527828
2682,5.372430746698605
2683,1.2714593227068083
2684,4.453408275026187
2685,1.498710455600184
2686,9.570851284582757
2687,1.167615112289012
2688,-0.19723201219846892
2689,9.045414812995666
2690,8.609274603445558
2691,1.1135665579492058
2692,8.221158032704178
2693,8.638521793739645
2694,7.153480869145879
2695,9.582875628710255
2696,7.815975539010053
2697,7.077123845226507
2698,8.983907745396694
2699,2.7597504224043106
2700,3.481522041771222
2701,2.0043741802805877
2702,1.5144893147226854
2703,2.250453885672197
2704,7.53120350046016
2705,1.1872217746525784
2706,6.813075564338416
2707,2.1925830927432743
2708,8.08109341483505
2709,7.282114966638768
2710,0.8911822991385776
2711,1.1961888506322038
2712,8.14069689751178
2713,1.5387863688858154
2714,2.4210860088541994
2715,1.6632882394143695
2716,8.837302144754407
2717,0.9534602276857727
2718,9.114048123778089
2719,1.9379224377371427
2720,2.127184118682312
2721,0.1985857222492855
2722,1.296613059436795
2723,6.516819359247652
2724,0.8887580359027468
2725,9.12846621708891
2726,3.9701591329780337
2727,7.455994435055693
2728,1.7243154984404188
2729,0.35174115412547097
2730,1.1322940209568348
2731,7.604411256369372
2732,0.08514325687739252
2733,0.5914738318025645
2734,-0.07023683037403375
2735,1.9446472219661584
2736,2.2378264784283837
2737,1.1731023399268308
2738,1.2326496289952023
2739,8.075733379628446
2740,0.8790799279470654
2741,0.7667052875567629
2742,1.9509808909839008
2743,-0.105049307497844
2744,0.0930240194049697
2745,4.045146438279491
2746,8.548977151769138
2747,-0.05978124121917246
2748,2.1529948621752664
2749,7.85168830906804
2750,7.170113644979377
2751,4.037112041295343
2752,1.8531802607508094
2753,8.926045617602773
2754,1.7162947249944882
2755,4.989536933530074
2756,1.7833563068122702
2757,1.0513734824949583
2758,1.4176579031812462
2759,3.7770991072569937
2760,8.893161627744654
2761,0.43692414460641116
2762,1.632118729669048
2763,1.8819181263858673
2764,0.8422898371196302
2765,6.50116162806926
2766,1.0847270613121267
2767,4.091734137588158
2768,0.18159956274784927
2769,1.7335333760760576
2770,6.612296162948107
2771,1.2451818518982607
2772,2.260740943090876
2773,5.522932390160621
2774,1.2809442080003297
2775,3.9224247336202414
2776,4.836568282084188
2777,1.2042320425880961
2778,8.260391381858387
2779,9.576000244602287
2780,1.9915126573229802
2781,0.06667459425445767
2782,8.602819022908694
2783,1.3770739089094344
2784,9.606671006411627
2785,8.099911072919026
2786,0.2851491698446722
2787,10.018794626512175
2788,6.6135410036758095
2789,1.0365610956761913
2790,8.527189329983173
2791,1.469674710730898
2792,3.4801032127270526
2793,1.2719805004125386
2794,0.037822176644023174
2795,1.2707713759153254
2796,7.755443557317984
2797,0.6205186409490333
2798,7.535192558333305
2799,8.76722970274406
2800,1.8236820450477786
2801,8.054296878158382
2802,8.779665919326934
2803,1.0022485266867547
2804,8.564204220016684
2805,7.110159395131496
2806,9.398706432417956
2807,1.075839709673865
2808,0.3470468238495688
2809,0.5428650833647023
2810,0.5613530627335712
2811,0.41114270652297524
2812,1.0016787281758734
2813,7.484252622076466
2814,-0.18136617843535036
2815,-0.04330116873633607
2816,7.101226607488765
2817,4.965241406676021
2818,1.5562809931039403
2819,8.873168101991668
2820,1.7626335446375088
2821,0.144844204294532
2822,1.4278975003125052
2823,8.163045867259596
2824,1.1769507300818787
2825,1.283773956996357
2826,8.297891297930313
2827,0.7480437161039375
2828,8.87938417289759
2829,1.4065678991295243
2830,8.99410792177119
2831,5.675193403059945
2832,6.62735918651134
2833,0.9918930196292077
2834,8.049862997725855
2835,1.2531996280496096
2836,7.405245320649322
2837,7.644130836812262
2838,1.8190017047301104
2839,7.915300024383475
2840,1.4204857328313638
2841,1.135760775809999
2842,8.85821422020535
2843,1.413216099510511
2844,8.80928566851672
2845,6.762491292462335
2846,8.840390623735951
2847,1.3399724555406451
2848,9.168697390689506
2849,7.0073907362762915
2850,0.47791377759937326
2851,3.8907523574772753
2852,1.155180154474592
2853,0.3174060032529752
2854,1.611715948135727
2855,5.154986097254847
2856,1.2128498381415131
2857,6.37100824914344
2858,4.035929660815981
2859,8.353384809801714
2860,1.2431262843155881
2861,6.661990407379544
2862,1.0541342977003842
2863,9.237897467924478
2864,8.569553546233715
2865,1.0496639772593364
2866,9.481384635944453
2867,9.366729337235853
2868,0.7996770382614566
2869,3.12406384264777
2870,8.434124732432972
2871,5.3674238417453255
2872,3.0592992563392936
2873,0.09776551100017963
2874,9.397759378665173
2875,1.047154574702851
2876,7.892025834302923
2877,8.70878421139759
2878,3.7197507864293198
2879,1.692307626047201
2880,0.945295970795628
2881,8.843875291336479
2882,1.0705458041530427
2883,7.551394839053626
2884,1.1876261592250723
2885,8.337778784667421
2886,6.741924380146858
2887,1.491402772954538
2888,1.2409642662379854
2889,7.8548995750174075
2890,8.364314278019418
2891,2.209979167879761
2892,0.13660929076644143
2893,1.3119751351601325
2894,0.8590926005678262
2895,0.40375482606135343
2896,0.934264587575689
2897,0.6251833899307996
2898,0.872251432193858
2899,2.0114380793784195
2900,6.931939189982221
2901,0.8197647836720314
2902,3.009366751434373
2903,8.69224971565084
2904,8.93170727681437
2905,8.96325361874849
2906,1.125715756299844
2907,9.135110445690314
2908,3.792168911887757
2909,1.4764389958314978
2910,4.887738382888489
2911,9.080978785213036
2912,1.8725226655844887
2913,0.6618959036430195
2914,1.2401946978606517
2915,7.845590010037254
2916,7.307025219542485
2917,-0.40368584672397423
2918,8.723006867711511
2919,0.1750689838036287
2920,2.2681260834758286
2921,1.4029766958963135
2922,6.802266647592501
2923,4.969838784002677
2924,4.076484401198927
2925,0.5220321986238075
2926,7.611042122927519
2927,8.042416894659773
2928,2.9893000741294276
2929,7.159663106154334
2930,1.3165571444476174
2931,1.709582447597192
2932,7.274048327666511
2933,9.180161181032352
2934,0.43536112012865924
2935,3.0377533827030705
2936,1.7965117465012836
2937,1.2512965513300698
2938,1.901897969331185
2939,0.20507262063512952
2940,1.33765032996817
2941,1.343727233130578
2942,1.0932446859521372
2943,7.944546013678835
2944,6.555134368151606
2945,4.596451142404254
2946,1.1276810249965759
2947,0.3976101487849522
2948,8.172647728094967
2949,1.3848738359523798
2950,8.872848528465838
2951,1.0554372040349125
2952,1.0814573703556196
2953,4.437213893306304
2954,9.10761316962096
2955,8.746989805555172
2956,9.622824514151294
2957,9.449344011227147
2958,7.048131812847479
2959,0.9298456940276084
2960,2.386382708099164
2961,9.315261555136127
2962,1.2458980971331126
2963,4.194171139959071
2964,1.1070443663503686
2965,8.838538552029227
2966,8.644405976362288
2967,1.4318147267898857
2968,7.118020191778362
2969,7.7996540467693825
2970,4.9408756392765305
2971,7.623729458515308
2972,0.6989761588574475
2973,2.2626504664973868
2974,7.659678521633379
2975,1.0863313596890347
2976,4.2645135017199
2977,7.208071293606293
2978,5.412225642431157
2979,4.190395883910046
2980,8.417332698587124
2981,0.7475014746235288
2982,0.8387929045236776
2983,8.121805334608801
2984,1.0902942936207314
2985,1.3810841720747453
2986,0.9213407067196392
2987,1.7261180209539992
2988,3.989219633702003
2989,1.6461190163438777
2990,4.150018769637058
2991,0.8817253245799264
2992,1.3379617378268132
2993,1.030764103186273
2994,6.499938607012623
2995,6.597308244612552
2996,1.2384796346524078
2997,2.0855597490223876
2998,4.271498190690844
2999,7.687115288159883
3000,6.413358743615366
3001,6.546372717845394
3002,0.0009142014044763586
3003,1.4636225463068935
3004,1.1417663466518748
3005,0.918525737533614
3006,9.074038463443964
3007,7.891917601803516
3008,2.3173254086756816
3009,6.014811470092933
3010,9.095761769428412
3011,3.8008108046386107
3012,2.128107233780904
3013,1.4216932785427023
3014,1.4789942041489708
3015,1.0736729244325824
3016,1.285550448739948
3017,1.8862128262883953
3018,1.102357709526994
3019,2.298963719872662
3020,1.3992116139977084
3021,9.330574085693963
3022,0.8620842382268452
3023,1.9992694652353562
3024,8.946121175896934
3025,1.3837865900450437
3026,8.01602315711599
3027,9.307153676978622
3028,0.8976993864306791
3029,0.7645526542651079
3030,9.571780757635219
3031,9.610561236879725
3032,1.22489610030476
3033,9.50734447337057
3034,1.4457514658771269
3035,1.822009360599529
3036,8.449473638230343
3037,1.0537996423069824
3038,9.394425296406453
3039,7.096192755078108
3040,9.611305679638011
3041,0.9278988695720463
3042,4.053848868836593
3043,8.87899553259226
3044,7.943404804220189
3045,7.726244101778319
3046,8.842279535897056
3047,1.033965824270175
3048,1.0664552950805466
3049,1.1904821440705993
3050,6.784913582827565
3051,1.6413030988502462
3052,5.1960686749355185
3053,1.4017833945780145
3054,8.424958219952114
3055,3.749433985716161
3056,1.7569828563451941
3057,1.453715717950238
3058,9.781173413259827
3059,1.4684618000451883
3060,8.709218910312028
3061,2.1269841447448803
3062,2.3488060676496176
3063,1.4770383176018798
3064,8.71838674517987
3065,8.372881252648922
3066,1.0289806053131862
3067,2.3637927207116944
3068,-0.14541296712779628
3069,8.680205686732007
3070,1.3770907512080746
3071,0.951882671224312
3072,6.750338454271033
3073,1.2973225883228672
3074,0.8660624576473628
3075,2.9668878055159973
3076,0.7508997894496455
3077,8.19565144455073
3078,9.597732684574924
3079,5.594685402340041
3080,3.6246025089686453
3081,-0.19668812683693404
3082,1.9814485906486643
3083,1.098614856230673
3084,7.605656235634154
3085,1.3257704092791858
3086,6.5348249472424165
3087,0.7305155526163043
3088,1.8113022833402062
3089,6.82612064605426
3090,1.619753750916904
3091,7.54368496534396
3092,6.790065033947043
3093,9.177743722668161
3094,6.767821047612428
3095,2.560583081869025
3096,1.5169282477407966
3097,6.6532912247787745
3098,1.4772219070865702
3099,5.2903937777402605
3100,0.4126827995087357
3101,1.175435394802495
3102,10.05650281057819
3103,7.547302955493327
3104,7.17012005026593
3105,9.284123374105185
3106,1.2007339156605152
3107,1.9155783379604023
3108,0.6710899465170952
3109,2.6855556943022565
3110,6.198847637619756
3111,9.297532751937661
3112,2.7856631842168884
3113,0.32859851310319027
3114,5.346092127231303
3115,1.9628476229207952
3116,4.455727692835829
3117,4.200328318641928
3118,-0.025858388965139693
3119,8.183917376738961
3120,0.12189147936910816
3121,1.2471235247054457
3122,0.2608231585211221
3123,3.335201867716775
3124,2.557837597805613
3125,2.109318414040156
3126,1.2912592186506713
3127,2.0095462155995483
3128,1.5093739393029633
3129,7.8467585217639035
3130,1.1819896171857192
3131,1.334022800256743
3132,1.2291848631381441
3133,0.1864907026566073
3134,1.6183222740931071
3135,8.52399961991049
3136,0.6814008228644501
3137,8.562828184699667
3138,9.525537830710856
3139,9.789591354303061
3140,1.759884607004725
3141,8.19926426999656
3142,5.998103726076273
3143,1.1112910067511719
3144,8.913858129631537
3145,6.707377851619519
3146,9.42227055458358
3147,5.0263746342033855
3148,2.585543529868568
3149,8.945008490721042
3150,1.251741983843661
3151,0.5496424878473599
3152,8.692779931203843
3153,0.3229336002458661
3154,1.699394469234098
3155,4.25284900661018
3156,1.5024978735640495
3157,3.4039656476867886
3158,8.91054708081169
3159,9.059310381231388
3160,7.165950130002345
3161,7.9901477736775615
3162,2.5881548346270176
3163,1.6502441484403008
3164,9.673221174119242
3165,1.4205229785379525
3166,1.5699411827710164
3167,3.4061138622140117
3168,0.4889152347444052
3169,1.2709494021722718
3170,8.400631208994808
3171,9.462523189573282
3172,0.8615710666814607
3173,8.955131811162396
3174,1.7414887286962633
3175,0.2832250318397323
3176,1.5769637111478048
3177,1.4943827678370112
3178,7.286360482025091
3179,8.95007933336075
3180,9.172397051589178
3181,2.466132547410241
3182,2.20022875750105
3183,2.046334989962583
3184,2.645526606934241
3185,1.4506551711983535
3186,1.3620800740909509
3187,8.577971067473927
3188,1.808714559240098
3189,1.9106423346912078
3190,2.6647507229712457
3191,8.19658438040365
3192,1.2195632569019565
3193,8.54472842490471
3194,7.957849088649956
3195,3.998209366207425
3196,2.3204119799986005
3197,2.3205637528774523
3198,8.630522408670055
3199,2.5809210953900825
3200,6.8918562154497796
3201,8.954880378671819
3202,0.953594194509739
3203,0.9277777339460824
3204,3.745533990942792
3205,1.7835464727546975
3206,0.1363870853612041
3207,1.8429196213242969
3208,9.040182658261877
3209,8.000419449397244
3210,9.339311870724437
3211,4.490469594314446
3212,8.996609743096228
3213,0.13574223595996818
3214,7.081224897011906
3215,5.036218530768748
3216,2.254596442030473
3217,9.723269871640168
3218,6.785379340837798
3219,8.653623257294036
3220,1.4313604382878704
3221,5.969780396892057
3222,8.737437562452826
3223,6.458605867130837
3224,1.465889563542832
3225,6.508765911406986
3226,7.81344989034132
3227,1.1747622875275616
3228,8.438542365228537
3229,6.768391884115331
3230,0.8356816410179576
3231,4.462539172684001
3232,8.686218034400369
3233,1.0156048397606985
3234,9.226715840771144
3235,0.7112965352504667
3236,1.7047628985128398
3237,1.3706359781958035
3238,7.351897872101433
3239,2.564933598195063
3240,0.35688681670421746
3241,7.703853182051938
3242,1.1596235693244872
3243,0.16492813386431976
3244,1.3493256676810155
3245,6.0967830913118
3246,1.6422132971259795
3247,8.971083793118746
3248,8.491202457471665
3249,1.5768034772592388
3250,2.6284014922714087
3251,8.851503511726904
3252,9.09133152631102
3253,2.1298665313228367
3254,4.124148769191686
3255,4.202541905189358
3256,2.448228386553423
3257,1.5349821905651535
3258,1.661990732037712
3259,1.1345827216992028
3260,2.1352575275595216
3261,1.7776165313483114
3262,8.97393498940071
3263,0.8321130409132811
3264,2.1348757024674287
3265,7.929854672331836
3266,0.5938934588833829
3267,4.356991355933402
3268,0.6635978146769831
3269,7.462909755706338
3270,4.202976183059168
3271,1.2643450689356006
3272,1.1856575907439852
3273,8.894166836473818
3274,6.532106626318703
3275,8.012364511326215
3276,4.298385723647614
3277,9.365935937127196
3278,2.343123704502547
3279,2.3790792867128467
3280,8.758849309428353
3281,2.5621399802621405
3282,6.0325601177552945
3283,3.2918642155588014
3284,5.428258686245151
3285,6.603447679415724
3286,9.586421789783012
3287,7.166967044614399
3288,7.217620958806409
3289,3.4002998046757806
3290,1.3806367926470733
3291,1.624508980839618
3292,1.658578380148442
3293,9.06002621079504
3294,1.2295725111650608
3295,0.3673616866834101
3296,4.346169870824512
3297,4.465197959924522
3298,8.286503358244497
3299,1.294853456772191
3300,8.166603540591854
3301,7.243277553792811
3302,1.0738856186978338
3303,0.7157525887846338
3304,2.159289889340411
3305,1.0369291104766416
3306,7.867358371257018
3307,1.0904624244569407
3308,1.253833530411608
3309,8.975926965758587
3310,9.33740946083914
3311,1.6704383387468709
3312,9.023440727630957
3313,7.672730602429089
3314,6.888499987666829
3315,2.074638089564681
3316,0.4082513050574852
3317,1.5256784097240381
3318,-0.2318356561765928
3319,2.4925953202602034
3320,8.916076523197043
3321,5.067278686620655
3322,1.3863647621033601
3323,7.735894851847311
3324,5.961451439747597
3325,6.894304956470699
3326,8.92258348724506
3327,1.2561785356191428
3328,1.5827185420540981
3329,6.649529545859616
3330,3.7458926256885845
3331,9.438077918855171
3332,0.683377460009024
3333,3.2183789355649473
3334,3.9400640422290114
3335,-0.20038969427273762
3336,6.369749886179176
3337,9.001097504311245
3338,1.066076365089557
3339,6.256706065950788
3340,1.8538772975326339
3341,7.934493505564009
3342,8.189886497658035
3343,6.868985653836239
3344,0.5315387628836281
3345,1.1605283008047624
3346,3.4753292404201237
3347,1.3339808536366435
3348,2.1476597058938407
3349,1.1539595581484188
3350,0.4731578762880475
3351,0.6811839742548575
3352,3.4583867709820173
3353,8.628250511438877
3354,8.877970755338945
3355,4.260768113623712
3356,1.508401134852191
3357,8.972357892874872
3358,8.946366532497828
3359,9.026432600412177
3360,1.2017857850495413
3361,3.7207202943750715
3362,1.1731523551828051
3363,0.474043964958239
3364,8.545022795272375
3365,4.058630027826459
3366,1.7222581601498603
3367,4.142235726795027
3368,1.6716220887807929
3369,3.4528770061679537
3370,4.115440535207678
3371,0.5616084814875675
3372,6.398807874443936
3373,-0.2160776892059884
3374,8.14751607377251
3375,1.0300011524117962
3376,0.9694564607802572
3377,8.616724467395494
3378,1.0710669428728963
3379,8.971402822373594
3380,2.2026868444802354
3381,1.5006491207270853
3382,1.0585325131467254
3383,6.767860867962283
3384,1.9852152830955365
3385,8.286274041309616
3386,9.439416034850872
3387,2.0148002753203578
3388,0.301414180956998
3389,8.921300626890755
3390,2.9463071721237797
3391,1.633760429650646
3392,0.5159943053619531
3393,0.602815256023379
3394,8.793601446414234
3395,2.134353052444163
3396,8.60015462012477
3397,8.343999926355377
3398,3.9347112457893103
3399,0.7930680981264098
3400,7.853209865321267
3401,2.3575262744711076
3402,0.5649525544572358
3403,0.07793282219587197
3404,8.307395981904179
3405,7.960523983761123
3406,6.565335364631603
3407,1.9757472988712528
3408,9.036084723458591
3409,5.500571338365443
3410,8.616956312971125
3411,1.467905597693604
3412,6.429849765789768
3413,6.4643235750391765
3414,9.109503730419824
3415,4.079339371738873
3416,1.5845254610071409
3417,8.118399106291815
3418,1.539617390095396
3419,8.503798361243334
3420,0.0999775117334756
3421,8.486913980562909
3422,7.806789246258712
3423,0.28364242195548345
3424,6.62907335695898
3425,1.3042699931714257
3426,8.379226493080063
3427,1.1198549468631287
3428,8.298380330517013
3429,1.7493324683355889
3430,2.4128942908884308
3431,0.49164636186825367
3432,1.8883447479318203
3433,3.1397371117053385
3434,1.0745573220232216
3435,9.751730913038656
3436,1.979866754619174
3437,1.9601556393007546
3438,1.7004294007380554
3439,0.21490665921999852
3440,1.0305452497778225
3441,0.9095568058773433
3442,4.47735035654326
3443,1.9115553957944067
3444,6.100833611789014
3445,8.193978926500687
3446,8.586430515991873
3447,8.070066410675288
3448,7.620450421733626
3449,-0.1841502081525845
3450,8.701875056780118
3451,8.225385138532156
3452,1.0193049753840837
3453,9.637124717469957
3454,0.6617488739882703
3455,0.4670768429052344
3456,6.77243613582807
3457,0.2677308926979792
3458,0.6783708677367566
3459,9.26246655458408
3460,0.8298085099452706
3461,1.7034685986514844
3462,9.426054677277259
3463,5.091796945015299
3464,3.861374550327728
3465,5.3707998254349425
3466,2.234178923232029
3467,5.6234064849565275
3468,8.870379091921134
3469,1.030886523670604
3470,9.030194590593126
3471,4.033407396833213
3472,2.2919907393509655
3473,9.282149958318376
3474,9.76379396665137
3475,2.005310245086047
3476,8.815555147806995
3477,1.732662726151621
3478,8.358318105185841
3479,0.5372461714828842
3480,2.4885453482322712
3481,9.771031699892164
3482,8.932966032589569
3483,0.01879519902942932
3484,2.8098367202355488
3485,8.293483242211728
3486,8.146783700559528
3487,0.6426399103618043
3488,8.260949475683967
3489,1.7502299722350336
3490,8.830693959415864
3491,0.8032076289395729
3492,1.5086329078532505
3493,0.04644595400558266
3494,1.1985737826144875
3495,7.353513738356496
3496,0.9093456690101603
3497,8.723751136320356
3498,0.8259937479263139
3499,2.5296901385148396
3500,8.438231578697685
3501,2.1430192956054426
3502,0.6804931742120184
3503,0.8563452611084788
3504,4.266670611028104
3505,4.242169048487854
3506,2.2822653198282543
3507,8.108657265085144
3508,6.008603223272408
3509,0.9505395882401227
3510,2.1013059789909363
3511,3.797509597503662
3512,1.3026348915073553
3513,9.493433763728994
3514,1.6216366857576174
3515,2.55709557096377
3516,1.5174428883648845
3517,1.3774762378346619
3518,8.058265268684984
3519,3.407254032342935
3520,1.9918115113796808
3521,6.254534888730055
3522,1.130888144767664
3523,1.4953438266892383
3524,1.9658284724449289
3525,9.390004697258131
3526,0.8237796149586691
3527,2.3245695812035443
3528,1.2899660441995624
3529,0.24640783210029132
3530,9.073448655983883
3531,1.8135307159271594
3532,7.839146428678968
3533,7.685074632088481
3534,8.521016029476304
3535,1.2734272766268713
3536,5.274656133068416
3537,9.047165835219424
3538,0.33815896524834765
3539,0.2164640429970435
3540,1.2952893970699728
3541,7.720226885532937
3542,0.055262207354033206
3543,8.245485408291415
3544,8.231107086514658
3545,9.119974225074419
3546,0.7867686013746475
3547,0.666617901678434
3548,1.9037929040394435
3549,0.4400199444886624
3550,1.152485982157752
3551,8.241446030985637
3552,0.6874798288524209
3553,9.611013491793834
3554,2.199139967841686
3555,0.45093762127692244
3556,0.12348906070049073
3557,1.2572978391942724
3558,6.596365176331268
3559,1.3531949863094597
3560,7.86746190652831
3561,1.1128023729686725
3562,9.970981894686872
3563,10.205649746067861
3564,9.043720157538518
3565,1.6960107440209062
3566,0.26858528246492885
3567,1.1134602921864285
3568,1.4494547938058508
3569,0.5802197479438231
3570,1.0630592194865494
3571,9.108759802771663
3572,7.08392703918908
3573,8.048634893548698
3574,0.42756439623261955
3575,0.2771132980950958
3576,6.655920470746644
3577,0.9116387012575254
3578,8.145110174128217
3579,8.530610240314177
3580,6.870230034908505
3581,8.844217755340434
3582,8.955691121455047
3583,2.5832033892798254
3584,1.2935227897785082
3585,4.281737544248469
3586,8.126957316169527
3587,2.7413105198177
3588,6.1922557121147275
3589,4.1337165432743594
3590,2.6044950796350435
3591,1.1175999480815164
3592,1.9700786285902203
3593,7.671777762261209
3594,1.2173112066934257
3595,0.13305258254098443
3596,8.497443234835316
3597,0.13596561177905142
3598,1.081881484320768
3599,9.591715828510498
3600,2.317009388529205
3601,0.786863357412474
3602,6.955431113964445
3603,9.530035342075452
3604,2.149353065011384
3605,1.3757441260940428
3606,0.17580407888918212
3607,1.4442321884445357
3608,1.3545479453975875
3609,3.9193786468779215
3610,4.711112616948109
3611,9.859468472733987
3612,8.547405673421036
3613,1.886501176005898
3614,8.654357848279988
3615,0.10406341276948936
3616,1.7170927411743058
3617,8.745369618269475
3618,7.482775535134181
3619,8.076201644262854
3620,1.446457753263419
3621,1.0465867246333083
3622,1.8702591846841512
3623,10.289692587012532
3624,8.46680460124063
3625,2.5134598188492783
3626,1.1348086529160326
3627,8.540212989851566
3628,8.230692680843653
3629,1.1815254970584947
3630,9.175123867219309
3631,9.307745161154628
3632,0.9225695154974716
3633,5.835270762765652
3634,1.63493453492194
3635,8.632547024898262
3636,2.2510836739488815
3637,3.3566829966475606
3638,2.473206366013703
3639,3.081055244503821
3640,8.756634684915166
3641,0.3092030810487678
3642,0.02692526158460879
3643,8.069982079186413
3644,1.15803858375875
3645,9.794030425400868
3646,4.374645232206816
3647,1.164653195870643
3648,9.867293102227361
3649,2.548271409741144
3650,1.1466681539612606
3651,8.868751243896046
3652,5.7708301335712155
3653,8.959506246415867
3654,1.275649107721538
3655,6.773030767375158
3656,6.849081206994479
3657,0.46655151889306595
3658,1.5565457851603248
3659,1.1246556563374916
3660,7.148926360674048
3661,4.244891975745372
3662,1.4292744647954327
3663,3.8442932454717633
3664,1.3051040865187709
3665,1.8482053708216086
3666,8.902870760092537
3667,9.811764637294896
3668,5.024893094330801
3669,4.187111929410734
3670,1.2344048358648911
3671,8.639488682739085
3672,8.949160819134919
3673,5.768682281513612
3674,9.004188411447945
3675,3.8634893815418363
3676,7.904192348174981
3677,0.9246118061950753
3678,1.5620048910764077
3679,1.051391908824095
3680,1.0435272545108394
3681,1.069228360663021
3682,6.98934467921379
3683,1.2318769782337795
3684,0.9752823782955896
3685,1.0574811671051305
3686,1.3680698489158623
3687,9.441558634495678
3688,6.409278779757262
3689,1.3109540420518386
3690,1.2128280101031677
3691,8.06396930452476
3692,0.9525305463077706
3693,6.663370068216487
3694,6.128736144102044
3695,1.5056925047300727
3696,1.3090159962687251
3697,1.470119544941493
3698,8.6455667261854
3699,1.1335210703932013
3700,8.610359236340827
3701,1.5755074523014223
3702,1.6294935514619182
3703,0.38687908791484626
3704,0.4855649086061218
3705,1.8564038365785174
3706,6.571245893637047
3707,1.5149364170550874
3708,8.646260693114991
3709,4.004118382175622
3710,8.051293399319484
3711,4.2039658021757305
3712,1.2640509898567023
3713,2.323531029470084
3714,7.854914984463282
3715,8.462433908440186
3716,0.6908516678178818
3717,1.5621092766114357
3718,1.3369378597252142
3719,0.709695307685834
3720,1.3830911105981463
3721,0.6825193244284576
3722,8.638717923768795
3723,1.2164718240434855
3724,6.643536999690357
3725,1.3211863596131102
3726,8.986816255579685
3727,8.982134894527885
3728,8.246977721428419
3729,6.927932288711642
3730,2.3758494285506693
3731,1.5670588974918966
3732,1.2926655614048979
3733,0.49246411588918537
3734,0.939763849649225
3735,3.926258965573135
3736,1.9203781628537182
3737,2.1554641589420234
3738,7.801654784460756
3739,3.84444342308377
3740,0.7445851010739473
3741,1.0645127718352647
3742,1.2111566826625302
3743,8.031977028031669
3744,1.4824291592174734
3745,0.3750899400427376
3746,9.772626492471913
3747,0.6752752225726598
3748,8.81762388383132
3749,1.781058083344415
3750,4.044067008244178
3751,1.1867535853154079
3752,1.2447120411154198
3753,0.2729681900296302
3754,1.287456389840359
3755,1.4469275849446588
3756,0.5012881291901873
3757,4.145365467241004
3758,1.277671722851759
3759,3.89232622450286
3760,0.8855823066935866
3761,1.6670357108654512
3762,2.2155019433123164
3763,9.315856473167004
3764,1.1986468345732286
3765,0.30258078148407447
3766,0.5280034392003183
3767,7.878494842251528
3768,0.6212239921846253
3769,1.6232941456847811
3770,1.8231385835262461
3771,2.603901840076317
3772,7.877468095470284
3773,1.8187281504282415
3774,4.288319139712555
3775,1.5252835250427335
3776,1.0282369476526683
3777,4.12668191291883
3778,7.333856221079566
3779,8.029408085778778
3780,1.1472033042607985
3781,1.229721046032749
3782,3.2439566934827275
3783,8.57478239825218
3784,7.498841726879637
3785,9.122459756243224
3786,8.344315510929876
3787,1.6944995965187541
3788,1.487841959567979
3789,7.7591993281788945
3790,5.864533401630014
3791,8.769583605874745
3792,1.4735461260600213
3793,1.7821164142751909
3794,1.4738347687046371
3795,8.990138736124205
3796,1.2136717698498911
3797,0.4484229608607943
3798,1.252982937400329
3799,1.4123961607549729
3800,0.6947157843416104
3801,1.8595980926252607
3802,4.071028274324601
3803,0.031147232843939898
3804,0.7135184687517164
3805,2.079948397738873
3806,8.47730101717094
3807,8.45401552903069
3808,1.1540134841677165
3809,1.1644557268900488
3810,1.3056697686084964
3811,1.9545979470983246
3812,6.265199359907957
3813,3.6749354338846536
3814,4.651774454895859
3815,9.16453620918735
3816,4.132143896764678
3817,8.13022897643379
3818,9.690857844438629
3819,1.587167997342557
3820,8.018927656791737
3821,7.514387869718483
3822,7.21236589548632
3823,1.2114559188209122
3824,1.2427371061867274
3825,0.7834847116554193
3826,9.639408102272261
3827,8.493316742797273
3828,0.9012944775433757
3829,1.3461211423105912
3830,9.329349003520283
3831,0.12253833563740249
3832,7.780803320767369
3833,0.9293320001214314
3834,0.9362033740608842
3835,1.7502767364204732
3836,8.221463184204898
3837,8.107380325979456
3838,3.1647918823756456
3839,9.474123668404944
3840,2.551946069025075
3841,5.222676664481988
3842,1.2161867262444388
3843,1.2481252767002708
3844,8.595369111901206
3845,-0.36487995473919094
3846,8.16704009011627
3847,9.372832729730483
3848,0.48325653288350934
3849,6.755860350033483
3850,8.538266989906836
3851,8.95284635041986
3852,1.680600517630671
3853,9.484425922015244
3854,7.1643678637950705
3855,2.0764227198604233
3856,8.570795615085421
3857,7.9138262959135695
3858,6.672712562587461
3859,1.6125018944087526
3860,1.9606675341045767
3861,8.702169058642207
3862,6.3081341989827875
3863,2.114664132631158
3864,8.312993700298746
3865,6.545767956631056
3866,7.990976123936789
3867,10.150285027783836
3868,0.8640947289870092
3869,1.2229964269225106
3870,1.3369896588701724
3871,7.310345081270135
3872,0.9973334720229656
3873,1.4513681391687971
3874,8.29203877365
3875,7.609947471204574
3876,-0.08585862932580399
3877,1.5780583527845333
3878,1.2040172477670152
3879,0.9562930963386327
3880,8.028961836965161
3881,8.345107092307959
3882,1.739340318474102
3883,1.1099094636160571
3884,1.8353102287944063
3885,1.3693033275632016
3886,7.380909080198192
3887,1.0157554288173787
3888,9.078879565295201
3889,1.7305264843628678
3890,4.541737855921648
3891,8.038907837870074
3892,7.51956641635693
3893,1.6048253622491089
3894,0.49851339541592105
3895,8.417042307971984
3896,4.035987796760527
3897,0.8277793343025165
3898,8.574285598173851
3899,1.486457254799267
3900,6.716642461196249
3901,2.6793396999228554
3902,5.4524121248793005
3903,3.82751286136135
3904,8.663933858328937
3905,6.760622838440655
3906,4.268241816444223
3907,1.6179780798907413
3908,1.993945942087792
3909,2.037841340140949
3910,0.41846991712117704
3911,1.0256670759466806
3912,7.534578131522747
3913,1.0925790638110433
3914,1.9228828306538186
3915,3.6851192157134607
3916,8.407912802169243
3917,0.5716372111362881
3918,1.0516673018523182
3919,1.0565256129920295
3920,9.064260816130849
3921,8.245037149178586
3922,1.2631720530486719
3923,-0.182337199185036
3924,3.587803242525766
3925,6.692774454553462
3926,2.2156035333059143
3927,1.692395438828416
3928,6.223686697880832
3929,1.04042710338438
3930,0.5039932938753392
3931,1.6605448529779976
3932,2.4269426769903184
3933,1.014146778035611
3934,1.4208710785018284
3935,1.3504531292114605
3936,9.460408470358363
3937,2.067257774378274
3938,1.128668176021321
3939,1.4581729850257672
3940,0.6501447241287596
3941,0.19786361660744373
3942,1.5066636234054327
3943,7.235067071840863
3944,1.9041421470663749
3945,1.9673020864285384
3946,1.1442758828634334
3947,8.851804010309728
3948,0.7240570409001141
3949,1.7159127866205874
3950,2.0582229196651727
3951,0.7878392207538235
3952,0.5893191000296568
3953,4.19887198576315
3954,8.405048037736119
3955,7.536431639940543
3956,9.026049149509728
3957,0.5185523079083968
3958,7.442861959900392
3959,9.693841317808982
3960,0.4749634025936783
3961,0.8893651025976593
3962,8.565565105407304
3963,8.500984761330313
3964,1.209321384163655
3965,8.190866529501065
3966,5.1672940594528765
3967,7.930500476350631
3968,1.7077868970077945
3969,1.8877071151239468
3970,8.481437521690172
3971,1.8476587499460129
3972,0.2171591316748474
3973,1.9480441897955967
3974,4.219018122658876
3975,8.377444580306635
3976,9.75608870290663
3977,8.279157787247007
3978,1.9806010158729441
3979,8.241569433281713
3980,1.3011933417646215
3981,2.1935090368024066
3982,0.4619581930901358
3983,4.174484373570597
3984,2.1838094593016155
3985,8.973928741611536
3986,1.011374632568643
3987,6.834549900336843
3988,1.3184258096028516
3989,0.3936181864558483
3990,0.9153869182945252
3991,0.7451220020279327
3992,2.296078704572131
3993,0.6637692763132502
3994,9.678739758664356
3995,0.5321032453203319
3996,8.30172102328432
3997,1.1989714246144316
3998,2.267466241911334
3999,1.7443982392671948
4000,6.992134783588801
4001,6.251550117262872
4002,6.613889816015445
4003,0.6710681377079314
4004,0.31148000879511484
4005,-0.12293916864694486
4006,5.906731937576843
4007,1.5683697138443595
4008,6.57594149430948
4009,2.428923204275202
4010,7.614436332173785
4011,1.2512758900369785
4012,2.9832789167913982
4013,3.799907158874335
4014,1.319697523936871
4015,8.139719577608021
4016,1.1683651875057417
4017,-0.3014568804920301
4018,0.26832786046880835
4019,0.5618091875183059
4020,0.10292894144209548
4021,1.2172580310828849
4022,6.343478821111748
4023,8.259756715677272
4024,2.39417898498712
4025,8.663014056146528
4026,1.2294096113934792
4027,7.13554484700297
4028,1.1784672858139373
4029,1.0752464071566217
4030,8.873179191557721
4031,1.1025519435381441
4032,6.635559094561015
4033,4.3522680583615445
4034,1.2908871507512552
4035,6.885051408333606
4036,8.46945066326628
4037,4.130618838351625
4038,0.9643993148864036
4039,1.2545168120235983
4040,7.856877281167546
4041,2.627577896352901
4042,2.7937188222270004
4043,1.564976897716233
4044,9.278656004699803
4045,2.4825176017647883
4046,3.7623903978993734
4047,1.1179132321596559
4048,7.621644711709782
4049,8.410375252221591
4050,8.01781790789357
4051,9.617480231686198
4052,1.262584563851286
4053,8.259078692994544
4054,2.0758703560234317
4055,1.096183645868244
4056,1.6720561720556446
4057,0.4114650734674019
4058,1.0601502358563897
4059,2.067638954348616
4060,6.926209403805627
4061,0.3779975978618652
4062,0.8770603676602542
4063,0.5338687787030898
4064,2.0877178749699077
4065,8.664331148108966
4066,3.360660540049348
4067,8.371756828722582
4068,0.9983324308498692
4069,6.248351128824011
4070,7.847122579908816
4071,7.7766211601639945
4072,7.6325506425951
4073,3.5965313239321275
4074,1.1271550959473264
4075,1.072384342260288
4076,7.936508004295651
4077,1.5889775676185927
4078,2.588448125242192
4079,0.9322761644030049
4080,0.9778126447631027
4081,4.222353237008263
4082,1.315374969196312
4083,1.8561018422259818
4084,1.2947005889679961
4085,0.3046264880334777
4086,2.3352342490553455
4087,1.0251821290172496
4088,1.4661796114659258
4089,1.1852816585644466
4090,2.338149921986637
4091,0.3314360968564816
4092,2.7235688352756022
4093,0.5413270846942357
4094,4.102998194582271
4095,9.045710863682107
4096,0.8688777997488899
4097,9.816663528765726
4098,8.222156078482694
4099,0.3554390971861137
4100,1.5341916499709933
4101,0.6328628699347422
4102,8.448499599881103
4103,7.938195611437221
4104,7.752588300668273
4105,6.1236285016712
4106,1.1093691279456015
4107,0.6076202112418083
4108,7.861905227455714
4109,0.20735945881935963
4110,2.259891552158368
4111,6.770314182855659
4112,8.468950369065684
4113,1.3538124661313122
4114,2.3232528293592822
4115,8.90104725571543
4116,9.406269780697931
4117,8.403394554729696
4118,8.710822320684114
4119,8.706590974240822
4120,1.7710535098177995
4121,0.2429049940314069
4122,0.5897037515569387
4123,4.228793780919682
4124,4.929783624911111
4125,2.3371278704405163
4126,1.5723512534622066
4127,0.11585315298982549
4128,3.264030159591412
4129,3.8691738734923646
4130,1.321629520389547
4131,9.326210624253726
4132,9.250984823291242
4133,8.508307548906723
4134,1.4753844429728151
4135,4.436858928071101
4136,7.050668304604878
4137,9.017738621458495
4138,1.7398203683047122
4139,8.032361772270848
4140,2.323414684840837
4141,1.3727726304617507
4142,7.171139195501587
4143,8.598584839936468
4144,9.007966629301503
4145,0.5756679302887281
4146,9.163492965643488
4147,0.7094208012638467
4148,4.3340093700903175
4149,-0.10366748551109892
4150,0.938597049912356
4151,3.6372990473057443
4152,1.3793791360947016
4153,1.6077949926131998
4154,9.14579999810118
4155,9.088598979451685
4156,5.390777854438746
4157,1.177396210339296
4158,6.677167457284362
4159,0.64210048217892
4160,0.49211485998561777
4161,7.908844906162532
4162,2.2767523977264252
4163,1.9159931690650502
4164,1.743268205109327
4165,0.7586914490003095
4166,7.750362936273314
4167,8.550163801953902
4168,0.9950982492350613
4169,9.000623416578032
4170,7.1588506209980585
4171,8.38831645600623
4172,5.525036236151209
4173,8.058421019481559
4174,5.444194989264711
4175,6.835048378823328
4176,0.6334650878351618
4177,1.012736113531434
4178,8.01334119654544
4179,7.674192020418939
4180,0.5771030857133523
4181,8.777207569785986
4182,0.9515156314645823
4183,3.928686771869992
4184,4.164080462765065
4185,8.24677087082536
4186,0.00830933273784707
4187,8.762865922788745
4188,0.6383738587208204
4189,9.822583679907268
4190,2.708437774485172
4191,1.0961439747702582
4192,0.1553948408426462
4193,8.499196953883775
4194,1.3670454669855436
4195,2.0631029522142446
4196,9.178786950889775
4197,8.13176123371894
4198,8.17305222553839
4199,0.6027678044322035
4200,2.0340506403977927
4201,0.8397859536058938
4202,8.584642084187971
4203,6.212701068051163
4204,4.205085116420068
4205,1.256756248665182
4206,2.555525591750649
4207,8.504190952698169
4208,0.08719342430601588
4209,7.588106635489943
4210,8.599057281062825
4211,8.089172433425809
4212,3.3298573937245344
4213,1.2496743710156724
4214,1.0511705490894867
4215,4.718561166961657
4216,7.86898319272861
4217,9.072549397795099
4218,8.891142481059623
4219,7.817646087880768
4220,1.5310217536319497
4221,0.19483449111141699
4222,2.367512968930601
4223,8.02157169994537
4224,1.818210641315179
4225,6.613071165563129
4226,1.2526370450459738
4227,7.738538914175143
4228,8.245734529590123
4229,2.4299254069322114
4230,7.7379008149502555
4231,1.813029058163101
4232,9.59282421293039
4233,7.532690849734727
4234,2.3643868008243825
4235,1.5985718370530857
4236,9.173841737554437
4237,4.73557648504606
4238,1.6703447109755194
4239,1.0231577990587302
4240,1.6626580254270864
4241,8.223546413729268
4242,3.877052076455425
4243,7.78637613680344
4244,8.788508123793276
4245,0.6724882303536229
4246,1.0459062717409062
4247,6.270279252494014
4248,0.4856917349213764
4249,7.99753539529532
4250,0.6872927956839368
4251,6.393290119147132
4252,0.7811163486111588
4253,8.043932622621384
4254,0.6365976370879312
4255,1.1597065238812818
4256,0.3980122633074543
4257,0.9875055069363277
4258,0.4922501531691824
4259,3.9309367373568955
4260,2.3413051688078266
4261,0.15686657623967373
4262,7.450861422441064
4263,6.862986902160021
4264,0.9417102162646788
4265,5.796739527038736
4266,0.6929111187010434
4267,3.8837787665627452
4268,8.24334745355959
4269,1.7978413207106498
4270,7.994119337464174
4271,2.4305288968557104
4272,0.9546719928031353
4273,1.6327011112936238
4274,7.716139752577867
4275,1.26686138624064
4276,6.482191353407907
4277,7.525591674387758
4278,8.37458496249235
4279,9.596955411865837
4280,7.455566839833262
4281,0.9590393268090468
4282,0.06993557418305245
4283,6.392700827641387
4284,1.591906986276665
4285,4.025157081769114
4286,-0.0459083407090468
4287,1.163976402529397
4288,0.9294345528923262
4289,8.474906716574852
4290,7.711506759272221
4291,1.1116555736301394
4292,1.5933360748744727
4293,2.6526138424467973
4294,5.954774107844491
4295,0.16415053646132183
4296,7.889447104679496
4297,2.588301737934218
4298,-0.0039822422610759495
4299,8.70864194422743
4300,0.5132361047009049
4301,9.610642441420062
4302,0.1994471235421542
4303,1.5346965567328787
4304,6.971439152673912
4305,3.5353764447936933
4306,2.857211237996993
4307,1.8251260349895344
4308,1.8233128501305633
4309,0.8957529677918947
4310,8.968814213820968
4311,6.149398838356639
4312,1.8573777641096911
4313,1.4531323982778108
4314,1.6809929431257165
4315,8.052363672614515
4316,0.1336614251300806
4317,1.0971955491145844
4318,1.6321893704803354
4319,0.44244923343921366
4320,0.20944052520519696
4321,8.692870158472141
4322,0.27158764861945317
4323,1.6532862340619086
4324,9.458073445499721
4325,9.249593298820487
4326,0.5763023170048265
4327,9.449970992885115
4328,1.372802580741983
4329,8.06232096910909
4330,1.222503203586778
4331,2.3179937604597
4332,2.6341767484108827
4333,1.7633956354069473
4334,8.698204274878321
4335,0.622780273440196
4336,5.254787724118976
4337,0.2723155522691082
4338,2.4457939851839066
4339,1.4525415558150807
4340,0.7850374658174489
4341,9.45803546550179
4342,1.6432288043957048
4343,7.793118063232749
4344,0.5417302704120021
4345,0.4623224183487202
4346,0.5377914981574053
4347,1.4264421395049915
4348,8.93292838553863
4349,3.1447597300306698
4350,1.2358713759406819
4351,2.397688877372323
4352,0.828108264480775
4353,0.5280475209906614
4354,0.9503973320442881
4355,1.1735403932088018
4356,1.8598089983528303
4357,1.846906112083651
4358,8.896511049910707
4359,2.079842665553415
4360,0.8851135245746059
4361,6.379515692107146
4362,0.6932189860325019
4363,1.3768182535633047
4364,2.376136811637379
4365,8.747006081486987
4366,4.018285609959875
4367,1.0760786615582645
4368,4.271819960050712
4369,8.235918803193469
4370,1.1399887339011059
4371,1.2249598347980175
4372,1.4995438132043317
4373,1.2809898157847246
4374,3.986909309296964
4375,8.433690077896879
4376,8.802306842858632
4377,9.182862260108331
4378,1.7486694518103427
4379,3.379248310283504
4380,4.3896864029200815
4381,8.457171631731466
4382,0.1890887647960086
4383,6.948732818321106
4384,0.5252576173141821
4385,4.8879498253903435
4386,9.449047136740827
4387,9.089751607170053
4388,7.940647951368358
4389,1.9285716622602342
4390,3.2557618051284463
4391,8.712765758310278
4392,8.689898215844948
4393,9.780663564801054
4394,0.4871321887605066
4395,1.4299295912889065
4396,1.2754069470194636
4397,8.435144588351664
4398,9.633125700009835
4399,1.0533785972494736
4400,1.135387133310948
4401,8.084980589207293
4402,8.128594072357538
4403,7.580585613777208
4404,1.414107200467923
4405,4.172463417023198
4406,8.09766345940339
4407,7.57621206449493
4408,1.8548502186894407
4409,1.1094978885640494
4410,1.208454007523855
4411,8.020009033571505
4412,-0.07472920029461451
4413,4.160413165706064
4414,6.5112522432113815
4415,8.755543219452926
4416,0.7789786557562394
4417,1.272124781262079
4418,8.942725335280825
4419,8.441179182751153
4420,6.836873612298536
4421,7.4388966839263615
4422,9.086013159173183
4423,6.7060115456109095
4424,2.390935898604222
4425,1.80655473754723
4426,8.856196305979358
4427,-0.05425763577681232
4428,8.122865672942911
4429,1.7839734386700534
4430,8.774253349965385
4431,1.0905533754950705
4432,1.0697852624816964
4433,1.5139452784548544
4434,4.292201842807653
4435,8.494429565292405
4436,9.504347852482706
4437,3.7927281927226972
4438,3.1990205960988476
4439,2.3053837661916265
4440,1.4512639972314005
4441,6.484489072000946
4442,8.874737565566809
4443,8.869779384736283
4444,9.865957135112177
4445,8.792469191615194
4446,1.4075027162484453
4447,1.2625920141585851
4448,0.3007817220214908
4449,0.7663899576520151
4450,8.528073749928437
4451,10.069862270230628
4452,1.7436877483290671
4453,1.394583427053145
4454,1.3285673955048223
4455,0.6554153748226537
4456,5.995329052881116
4457,2.342522577323535
4458,7.960621156533998
4459,1.7085759594625531
4460,8.571655550761346
4461,8.211489634520984
4462,8.155805808589058
4463,0.36089046757983795
4464,0.46587284029090753
4465,9.262811870096414
4466,8.063781131533046
4467,1.2085161713120567
4468,0.7403697814739847
4469,1.8617662791343694
4470,0.860679187142982
4471,6.203268185591242
4472,1.225473210116922
4473,7.17026564740966
4474,8.378284875691673
4475,6.0713219278011925
4476,1.1371132518346994
4477,1.492019993697203
4478,9.359807750581526
4479,3.2678025458717506
4480,8.517675497010105
4481,1.2020153907530542
4482,1.9885545061538652
4483,7.366954170088847
4484,0.2665659462696791
4485,-0.28359704587791396
4486,1.1008497294685622
4487,7.28888269339879
4488,2.396049101341006
4489,0.47840548674483063
4490,5.854643041188316
4491,7.99959170034823
4492,0.9577997810032587
4493,0.7953753689380781
4494,7.847850523419665
4495,6.348622536966617
4496,4.2252141680134345
4497,2.730723262654755
4498,8.97761434205064
4499,1.5379299603760388
4500,1.2565480072757713
4501,3.1937587288925275
4502,1.2682467810342206
4503,6.741237177721072
4504,0.3381981483419849
4505,5.371344680120188
4506,7.5348098544036715
4507,8.076207739806764
4508,10.032679974999317
4509,0.2685454381690472
4510,9.458793228521797
4511,0.0874858558081538
4512,1.3061455838163354
4513,7.79070390846073
4514,4.159050002835692
4515,8.687987816343961
4516,8.480697798987347
4517,0.34814984232935847
4518,0.26359604210024534
4519,0.9399082068804268
4520,0.5707891922689196
4521,-0.13393412621111117
4522,1.2803953917473956
4523,7.341075673792329
4524,7.254116187288176
4525,1.9070020779117858
4526,4.181040480816296
4527,0.96375794421877
4528,2.448570844153518
4529,1.1918656451448701
4530,-0.060631853095511334
4531,1.0579480708518676
4532,2.1626034097326454
4533,0.45179447997859556
4534,6.348548902568979
4535,2.43697881723956
4536,1.2335011614848796
4537,2.0338385102625365
4538,3.4529824931158783
4539,2.047928834758983
4540,9.53176342427166
4541,0.64178215853851
4542,9.418768718920948
4543,6.690808690658376
4544,1.2254337536548858
4545,1.0908217246218253
4546,1.0630099316755866
4547,2.6135030499746064
4548,2.1641199993957483
4549,8.20007828930381
4550,1.2259611209868733
4551,8.624950215587182
4552,1.4065618930085069
4553,0.9314256676782183
4554,1.4070533919467538
4555,0.6572251767950188
4556,0.8698749702986014
4557,2.6014706352180945
4558,1.557951238081607
4559,0.3283287902164258
4560,1.3858849823996697
4561,0.6585681724749184
4562,2.2932659204987362
4563,9.558590273423231
4564,6.569993331234197
4565,2.2802677195950922
4566,1.3650467682496896
4567,0.15862186971600398
4568,2.599835540378126
4569,6.225893176956907
4570,1.4001130142084555
4571,6.6321207500131525
4572,4.273878440263694
4573,1.0722076769390898
4574,2.0368691303808726
4575,0.8769197216012691
4576,1.4982387484547248
4577,5.293446324284387
4578,7.008766824782648
4579,9.644316057813942
4580,6.661912928607579
4581,1.6108354187877585
4582,0.4912465270420878
4583,1.5457177793333952
4584,1.8081690434283655
4585,9.550972726008844
4586,8.379140164370602
4587,8.432510828299087
4588,10.347921820145602
4589,1.218352515575842
4590,-0.0026042002434834514
4591,6.246909848077989
4592,6.420222090229436
4593,2.3522397789042278
4594,0.21598527597371597
4595,1.8753278181713244
4596,6.02440862756576
4597,7.817227232191451
4598,1.1738257395433527
4599,2.0402543104090403
4600,2.017229927404116
4601,5.6211750410293115
4602,1.5033428592259312
4603,0.4333635912997861
4604,1.2668616985959715
4605,1.4659676700153217
4606,0.49186161129878014
4607,0.5931683317585869
4608,3.9882537131341227
4609,7.597085755289185
4610,0.031098026134568017
4611,1.6525311674291363
4612,8.184410318053505
4613,1.4074719122684012
4614,1.3363821261404736
4615,8.872803894812032
4616,0.37741240586830604
4617,3.5748639306373624
4618,1.166172921754468
4619,6.9535588344454915
4620,0.2802410358954428
4621,0.8620460362732189
4622,1.123827754836077
4623,8.003957753279328
4624,8.871695506557737
4625,1.3020530813436446
4626,5.963134093883014
4627,7.7315487108756376
4628,1.2477525289611788
4629,1.596771405159681
4630,1.430578767697059
4631,0.11895444308256223
4632,1.2854381851439936
4633,5.37299728616829
4634,8.618801923661872
4635,8.962057784994776
4636,2.2499506516943844
4637,9.117169563448737
4638,5.917197112987555
4639,4.272140842832721
4640,5.910164299893238
4641,8.13709524454217
4642,0.9191749231539371
4643,9.474585132171827
4644,0.9767974078592654
4645,1.5881267234697667
4646,1.3416103932120604
4647,3.677902039781824
4648,0.8508943240583442
4649,8.021582130522505
4650,8.020020964169753
4651,0.7918569212575336
4652,1.2554744990178655
4653,1.2764605916620662
4654,6.2625295894154025
4655,1.1680050427006883
4656,0.6508898734068819
4657,1.3485599706757434
4658,8.003451455273893
4659,8.085180580695345
4660,8.139676498742112
4661,4.069444988095352
4662,1.21127673931516
4663,8.195971810451343
4664,8.916907059895111
4665,1.4397986165725112
4666,1.0174865190890419
4667,0.45652914742144624
4668,0.9382897388318007
4669,1.8644645051080146
4670,3.786070423275451
4671,1.5407360217364066
4672,0.7169884807645139
4673,1.612532354938553
4674,8.735907867628598
4675,1.4046364237669173
4676,0.6383190462758702
4677,8.23620074579513
4678,9.12103413506037
4679,8.28506107113802
4680,1.480814258694142
4681,8.373002996205251
4682,0.09767306050838861
4683,8.510590652320877
4684,0.8335116596236245
4685,3.2860375541532854
4686,1.2837530761447116
4687,1.235899033572809
4688,8.467143002292728
4689,8.610190954789088
4690,1.6093429218791881
4691,8.038033911110567
4692,9.053091928317848
4693,0.6105335144017044
4694,1.248902260407698
4695,1.3730252832204108
4696,4.145085636320338
4697,1.4171063825015353
4698,8.340902462675851
4699,1.624746177704921
4700,3.9212643570907533
4701,2.205102976289628
4702,1.4376718916576088
4703,4.297788092037563
4704,6.33745419984548
4705,1.6032659437682772
4706,8.193773246590318
4707,7.816358176345424
4708,8.150487571970306
4709,1.2206309315231085
4710,1.6345474364561885
4711,8.287056793130027
4712,9.686674851558779
4713,1.514864692164608
4714,0.7488968399006896
4715,1.4643448295384318
4716,8.566512697837304
4717,9.047816622542639
4718,1.396124188445067
4719,0.6270003526395974
4720,1.1255630783374182
4721,7.286169799271117
4722,2.549854422126723
4723,8.110424149908363
4724,1.5849696442824726
4725,3.7883917153340647
4726,5.361076208123934
4727,1.9493578372574136
4728,0.7082493356585611
4729,0.5987635972570394
4730,0.3720939832725943
4731,1.6712238310476184
4732,1.3769900572578686
4733,0.24595827639808537
4734,7.948949866902674
4735,7.82619938185084
4736,7.125112175754218
4737,7.579688788237907
4738,1.6369360770692203
4739,9.360083364195539
4740,1.3226938642338226
4741,1.2687081275810386
4742,1.0411786335850455
4743,9.2426757374268
4744,8.681854207842774
4745,1.016313914783247
4746,9.140779181925199
4747,9.53272817495968
4748,8.572927868709161
4749,9.128620957387074
4750,9.161133275350197
4751,0.6655902070622588
4752,8.399395046837602
4753,6.582631703366194
4754,2.088989355192244
4755,0.23018755192966192
4756,3.630324959031412
4757,1.4212201484558065
4758,0.09203641499621192
4759,1.5743961251797447
4760,2.312968780402151
4761,2.483361796913038
4762,0.7078577237745504
4763,1.1580744144688269
4764,1.3212500758345849
4765,0.9872240505377643
4766,5.435075824528754
4767,8.404191535390293
4768,2.3401237105172004
4769,9.632697259098544
4770,0.37626216426270154
4771,8.341578069221738
4772,3.8078398438399956
4773,0.8957790648212074
4774,2.397389595032766
4775,2.0887446035777715
4776,1.554882631722124
4777,1.8425469967141348
4778,8.492935542625437
4779,1.2412239733685622
4780,6.635517290293124
4781,8.79672984553655
4782,8.383614239192438
4783,3.911728992112466
4784,1.4093135251817595
4785,4.134977642912119
4786,9.774015662391115
4787,0.6882101412317208
4788,-0.041481341626867896
4789,0.8545340372548332
4790,1.1808224336581719
4791,5.3367656160154215
4792,8.205945053982314
4793,0.5452765123122362
4794,1.3112628488945033
4795,0.7606237817344212
4796,2.1091258547374827
4797,0.20983086504575524
4798,8.08945171126394
4799,7.896823457781691
4800,0.298461858995281
4801,1.7010337714411952
4802,1.504748052916752
4803,1.5221109988862245
4804,1.0444765619617613
4805,7.748253575449267
4806,7.076493271951932
4807,1.8973055117987359
4808,9.48736482930185
4809,1.0648936104181193
4810,1.9708182322857475
4811,8.96614802732132
4812,1.2683573634313487
4813,1.5432711882938492
4814,0.18390606972251383
4815,1.1647254329152237
4816,9.297368453712828
4817,0.4868580508650501
4818,7.407099848119966
4819,1.1559255408383085
4820,1.1894322916668147
4821,3.7794111213341344
4822,0.16380228762313373
4823,8.136013254752894
4824,0.009291292114646545
4825,0.33513071481724765
4826,-0.04232938791305253
4827,0.9812825741580566
4828,9.31256764401648
4829,1.600247200068691
4830,4.032085193081134
4831,8.263861275817808
4832,1.8522943872695015
4833,1.3709265303919316
4834,0.12242052538436721
4835,6.856062006472247
4836,0.6483925487902442
4837,7.610266904043211
4838,0.994979862388783
4839,8.28018040578184
4840,6.297866008775727
4841,5.160984790209908
4842,2.3057055083152145
4843,1.9585740255826392
4844,8.106629300610095
4845,8.383164307213042
4846,1.3470591481770664
4847,8.711162716779793
4848,0.8327063631198028
4849,3.736626406169648
4850,1.0619257931672157
4851,1.5356154280292198
4852,2.404607941712795
4853,1.3178009877264183
4854,2.0973323232340166
4855,3.9089425146450107
4856,6.950515094433391
4857,1.7108518467925133
4858,1.1373353950670622
4859,4.4206569587214934
4860,5.1364237979300835
4861,1.2614680155351412
4862,1.022516110961084
4863,0.6433637879311915
4864,0.9149027214772841
4865,6.500562290893829
4866,0.3422621673959718
4867,1.321187360694816
4868,0.7478418749603153
4869,7.990081849411432
4870,4.43049339615768
4871,8.81616267318983
4872,7.686345826031083
4873,1.615863459766766
4874,2.6378037807375025
4875,1.690366134612407
4876,1.3975199531261548
4877,8.54403959990108
4878,9.476541193238162
4879,0.5967570455219375
4880,9.85107619746968
4881,1.249323319482536
4882,8.3313032161632
4883,1.4065490181325566
4884,1.1944646697328194
4885,1.5849974999188108
4886,1.5908449300222698
4887,1.6901659695513886
4888,1.0837904547466188
4889,9.092646304179116
4890,4.310848654100499
4891,1.0819343514596662
4892,0.05804248403963014
4893,1.153371952114652
4894,6.397452672292828
4895,2.124352845915161
4896,6.092048668457475
4897,8.029953262877811
4898,2.033661193448788
4899,1.5626777704878592
4900,0.9575230529058153
4901,1.211697000985024
4902,1.0087395467896032
4903,2.308518240663801
4904,1.0583517012594552
4905,1.1510735365556053
4906,2.5345503597501065
4907,6.666349458312214
4908,2.377142864691261
4909,8.280873003257252
4910,1.347638738451596
4911,8.024129905833206
4912,1.5588114888025932
4913,1.02501747914465
4914,0.7776866584945226
4915,6.298171786981197
4916,1.1014350307803056
4917,8.428965803610371
4918,8.319441458713841
4919,6.564045813608464
4920,8.57914971207015
4921,6.706523071662179
4922,1.5851206843864147
4923,9.152537936530548
4924,0.4821337509183774
4925,8.81298360991073
4926,0.9248042680899842
4927,5.305128638419884
4928,5.430820321462574
4929,0.12591237016377924
4930,1.4453364774376518
4931,1.8144916852337396
4932,0.6519208691153819
4933,1.5292168483483737
4934,1.3621832270561918
4935,1.1876291936223806
4936,7.617044623604271
4937,1.34911875195413
4938,1.4376122288423467
4939,1.597830779144071
4940,7.915805718346692
4941,8.405680010499308
4942,1.2477340532144174
4943,1.0643082284980605
4944,2.4194077443094404
4945,5.051731618425004
4946,1.24525384856314
4947,1.5441474796058239
4948,1.5149459302117831
4949,7.960458758503074
4950,7.101183740258251
4951,1.1037266116041178
4952,8.895255967373235
4953,1.4731471907637754
4954,8.089691700552942
4955,1.5339824818152714
4956,1.415326650125791
4957,8.279673603492816
4958,2.1855064274953695
4959,0.407301908587354
4960,8.861319813873148
4961,1.717286898749384
4962,0.14726862788954811
4963,6.139748147598147
4964,1.5406592385670175
4965,2.4015581545131433
4966,9.320474689281857
4967,1.4362751264053035
4968,1.8026332227282498
4969,0.8139445217820468
4970,1.1744680701562804
4971,1.7616059428572755
4972,1.598141148907289
4973,8.974780222402915
4974,8.135797307682425
4975,0.09005323797002264
4976,1.8914682802211562
4977,1.6208500012340417
4978,1.8346096762002864
4979,1.7754959628153113
4980,1.0185770957934346
4981,1.0787654548958452
4982,-0.024732368645339824
4983,8.510874419018114
4984,0.08377914032429278
4985,5.9278908424543655
4986,8.736297849881524
4987,1.396366893563743
4988,8.010284013840339
4989,8.285133626010511
4990,9.588463342865886
4991,6.632112712526718
4992,0.3223288741268246
4993,8.332574545043459
4994,1.3588878313925512
4995,1.94190090025623
4996,1.352315545264578
4997,9.381844351918065
4998,1.7828840267643888
4999,9.36757368796712
5000,1.2600213661059025
